,_id,name,warband,subfaction,grand_alliance,movement,toughness,wounds,runemarks,points,weapon_1_attacks,weapon_1_dmg_crit,weapon_1_dmg_hit,weapon_1_max_range,weapon_1_min_range,weapon_1_runemark,weapon_1_strength,weapon_2_attacks,weapon_2_dmg_crit,weapon_2_dmg_hit,weapon_2_max_range,weapon_2_min_range,weapon_2_runemark,weapon_2_strength
0,58c57168,Dire Wolf,death,,death,8,3,10,"['thrall', 'scout']",85,3,3,1,1,0,claws,3,,,,,,,
1,61bbb21b,Fell Bat,death,,death,10,3,12,"['fly', 'thrall', 'frenzied']",130,3,4,2,1,0,fangs,3,,,,,,,
2,cc01fb56,Terrorgheist,death,,death,12,4,50,"['fly', 'monster', 'terrifying']",500,4,8,4,2,0,fangs,5,,,,,,,
3,033e033b,Zombie Dragon,death,,death,12,4,50,"['fly', 'monster', 'brute']",540,5,8,4,2,0,fangs,5,,,,,,,
4,1d309fb7,Mortek Guard with Soulcleaver Greatblade,Ossiarch Bonereapers,,death,3,4,10,[],60,2,4,2,1,0,sword,4,,,,,,,
5,275aca2c,Mortek Guard with Nadirite Blade,Ossiarch Bonereapers,,death,3,5,10,['bulwark'],60,3,4,1,1,0,sword,3,,,,,,,
6,45e89e81,Mortek Guard with Nadirite Spear,Ossiarch Bonereapers,,death,3,5,10,['bulwark'],60,2,5,1,2,0,spear,3,,,,,,,
7,9a2cbd91,Mortek Hekatos,Ossiarch Bonereapers,,death,3,5,15,"['hero', 'bulwark']",105,4,4,1,1,0,sword,4,,,,,,,
8,d28bc38b,Kavalos Deathrider with Nadirite Blade,Ossiarch Bonereapers,,death,8,5,20,"['warrior', 'mount']",145,4,4,1,1,0,sword,3,,,,,,,
9,695d1bb4,Kavalos Deathrider with Nadirite Spear,Ossiarch Bonereapers,,death,8,5,20,"['warrior', 'mount']",145,3,5,1,2,0,spear,3,,,,,,,
10,3700c1a1,Mortisan Boneshaper,Ossiarch Bonereapers,,death,4,4,20,"['hero', 'trapper']",150,3,4,1,1,0,unarmed,3,2.0,6.0,3.0,7.0,3.0,blast,3.0
11,7735959e,Mortisan Soulreaper,Ossiarch Bonereapers,,death,4,4,20,"['hero', 'terrifying']",150,3,4,2,2,0,scythe,4,2.0,6.0,3.0,7.0,3.0,blast,3.0
12,922f9c6f,Immortis Guard,Ossiarch Bonereapers,,death,4,5,28,['bulwark'],165,2,5,3,2,0,axe,5,,,,,,,
13,7aa77f42,Mortisan Soulmason,Ossiarch Bonereapers,,death,4,4,25,"['hero', 'mystic', 'mount']",165,3,4,2,2,0,club,3,2.0,6.0,3.0,7.0,3.0,blast,3.0
14,185fd94f,Necropolis Stalker with Dread Falchions,Ossiarch Bonereapers,,death,5,4,28,['destroyer'],195,3,6,3,1,0,sword,5,,,,,,,
15,4b6b872f,Necropolis Stalker with Spirit Blades,Ossiarch Bonereapers,,death,5,4,28,['destroyer'],200,5,5,2,1,0,sword,4,,,,,,,
16,5aabc095,Kavalos Deathrider Mortek Hekatos,Ossiarch Bonereapers,,death,8,5,25,"['hero', 'warrior', 'mount']",220,4,4,2,1,0,sword,4,,,,,,,
17,21c2d19e,Morghast Harbinger with Spirit Swords,Ossiarch Bonereapers,,death,8,4,35,"['fly', 'berserker']",265,5,4,2,1,0,sword,4,,,,,,,
18,1901fcb4,Liege-Kavalos,Ossiarch Bonereapers,,death,8,5,30,"['hero', 'champion', 'mount']",270,4,5,2,1,0,sword,5,,,,,,,
19,19b3b63f,Morghast Harbinger with Spirit Halberd,Ossiarch Bonereapers,,death,8,4,35,"['fly', 'berserker']",270,3,5,3,2,0,axe,5,,,,,,,
20,5f6e5f3d,Morghast Archai with Spirit Swords,Ossiarch Bonereapers,,death,8,5,35,['fly'],275,5,4,2,1,0,sword,4,,,,,,,
21,8f9c65ce,Morghast Archai with Spirit Halberd,Ossiarch Bonereapers,,death,8,5,35,['fly'],280,3,5,3,2,0,axe,5,,,,,,,
22,6ac50bd5,Mortisan Ossifector,Ossiarch Bonereapers,,death,4,4,20,"['hero', 'elite']",140,3,4,1,1,0,claws,3,2.0,6.0,3.0,7.0,3.0,blast,3.0
23,98a12abf,Senha,Ossiarch Bonereapers,Kainan's Reapers,death,3,5,12,['bulwark'],65,3,3,1,1,0,sword,3,,,,,,,
24,15629237,Karu,Ossiarch Bonereapers,Kainan's Reapers,death,3,5,12,['bulwark'],65,2,4,1,1,0,club,4,,,,,,,
25,a52a130c,Nohem,Ossiarch Bonereapers,Kainan's Reapers,death,3,4,12,[],70,2,2,1,1,0,unarmed,3,2.0,3.0,1.0,15.0,3.0,ranged,3.0
26,d7463aab,Hakor,Ossiarch Bonereapers,Kainan's Reapers,death,3,4,12,['bulwark'],95,3,5,2,1,0,sword,4,,,,,,,
27,325bcfd9,Binar Khenta,Ossiarch Bonereapers,Kainan's Reapers,death,3,5,22,['bulwark'],140,3,4,2,2,0,spear,4,,,,,,,
28,f647899c,Mir Kainan,Ossiarch Bonereapers,Kainan's Reapers,death,4,5,26,['hero'],205,3,5,2,2,0,scythe,5,2.0,6.0,3.0,7.0,3.0,blast,3.0
29,66574123,Crypt Ghoul,Flesh-eater Courts,,death,5,3,8,['minion'],60,3,3,1,1,0,claws,3,,,,,,,
30,8181bc11,Crypt Ghast,Flesh-eater Courts,,death,5,3,12,['hero'],115,4,4,2,1,0,claws,3,,,,,,,
31,a988d751,Crypt Ghast Courtier,Flesh-eater Courts,,death,5,3,16,['hero'],145,4,4,2,1,0,claws,4,,,,,,,
32,ea1a6684,Abhorrant Ghoul King,Flesh-eater Courts,,death,5,4,20,"['hero', 'frenzied']",165,4,4,2,1,0,claws,4,,,,,,,
33,de97906c,Crypt Horror,Flesh-eater Courts,,death,6,4,28,[],180,4,4,2,1,0,claws,4,,,,,,,
34,e449cafa,Abhorrant Archregent,Flesh-eater Courts,,death,5,4,25,"['hero', 'berserker']",205,4,5,3,1,0,claws,4,,,,,,,
35,e854834b,Crypt Haunter,Flesh-eater Courts,,death,6,4,32,['hero'],225,4,5,2,1,0,claws,4,,,,,,,
36,0fee8245,Crypt Flayer,Flesh-eater Courts,,death,10,4,28,"['fly', 'agile']",235,4,4,2,1,0,claws,4,,,,,,,
37,3d8e97d4,Crypt Haunter Courtier,Flesh-eater Courts,,death,6,4,36,['hero'],255,4,5,2,1,0,claws,5,,,,,,,
38,06c2a22b,Crypt Infernal,Flesh-eater Courts,,death,10,4,32,"['fly', 'hero', 'agile']",285,4,5,2,1,0,claws,4,,,,,,,
39,71177574,Varghulf Courtier,Flesh-eater Courts,,death,8,4,35,"['hero', 'terrifying']",300,4,5,3,1,0,claws,5,,,,,,,
40,3aa35d63,Crypt Infernal Courtier,Flesh-eater Courts,,death,10,4,36,"['fly', 'hero', 'agile']",315,4,5,2,1,0,claws,5,,,,,,,
41,6fdd0e19,Abhorrant Gorewarden,Flesh-eater Courts,,death,10,3,20,"['hero', 'trapper', 'fly']",225,4,4,2,1,0,claws,4,,,,,,,
42,f7e9b234,Champion of Morbheg,Flesh-eater Courts,,death,10,5,25,"['hero', 'mount', 'fly']",295,4,4,3,2,0,spear,4,,,,,,,
43,48828f14,Crypt Captain with Cursed Blade,Flesh-eater Courts,,death,5,4,10,"['hero', 'bulwark', 'minion']",135,4,4,2,1,0,sword,3,,,,,,,
44,8de8ea05,Crypt Captain with Cursed Halberd,Flesh-eater Courts,,death,5,4,10,"['hero', 'bulwark', 'minion']",140,3,4,2,2,0,spear,4,,,,,,,
45,d90931c1,Marrowscroll Herald,Flesh-eater Courts,,death,5,4,18,"['hero', 'icon-bearer']",155,3,4,2,2,0,claws,4,,,,,,,
46,109ef3fa,Royal Decapitator,Flesh-eater Courts,,death,5,4,18,['hero'],175,2,5,4,2,0,axe,5,,,,,,,
47,9305b756,Cryptguard with Cursed Blade,Flesh-eater Courts,,death,5,4,10,"['bulwark', 'minion']",80,3,3,2,1,0,sword,3,,,,,,,
48,f1999f34,Cryptguard with Cursed Halberd,Flesh-eater Courts,,death,5,4,10,"['bulwark', 'minion']",85,3,3,2,2,0,spear,3,,,,,,,
49,169ae3b2,Morbheg Knight,Flesh-eater Courts,,death,10,5,20,"['mount', 'fly']",220,3,4,3,2,0,spear,4,,,,,,,
50,4e96345e,Valreek The Tracker,Flesh-eater Courts,The Grymwatch,death,5,3,10,['minion'],60,2,4,1,1,0,dagger,3,,,,,,,
51,5c3ba903,Night's Herald,Flesh-eater Courts,The Grymwatch,death,5,3,10,['minion'],65,3,3,1,1,0,claws,3,,,,,,,
52,942253ae,Royal Butcher,Flesh-eater Courts,The Grymwatch,death,5,3,10,['minion'],75,2,4,1,1,0,fangs,4,,,,,,,
53,3042ac72,Duke's Harriers,Flesh-eater Courts,The Grymwatch,death,10,2,8,"['beast', 'fly']",75,4,3,1,1,0,fangs,3,,,,,,,
54,1fc8577b,Master Talon,Flesh-eater Courts,The Grymwatch,death,5,3,10,['minion'],80,4,3,1,1,0,dagger,3,,,,,,,
55,f9eeb39d,"Gristlewel, Greatsword",Flesh-eater Courts,The Grymwatch,death,5,3,10,['minion'],85,2,4,2,1,0,club,4,,,,,,,
56,382bda2d,Duke Crakmarrow,Flesh-eater Courts,The Grymwatch,death,5,3,20,['hero'],160,4,4,2,2,0,axe,4,,,,,,,
57,0dcac829,Abhorrant Cardinal,Flesh-eater Courts,,death,5,4,18,"['hero', 'priest']",130,3,3,2,1,0,claws,3,,,,,,,
58,b8e65e65,Gristla Tenderhooke,Flesh-eater Courts,Skinnerkin,death,4,4,20,['hero'],160,4,4,2,1,0,axe,4,,,,,,,
59,c01a33d6,Young Master Kretch,Flesh-eater Courts,Skinnerkin,death,4,3,8,[],75,3,3,2,1,0,axe,4,,,,,,,
60,87dca115,Flensemaster Pewdrig,Flesh-eater Courts,Skinnerkin,death,4,3,8,[],65,4,3,1,1,0,dagger,3,,,,,,,
61,6688125c,Seddrik the Chain,Flesh-eater Courts,Skinnerkin,death,4,3,8,[],60,3,3,1,3,0,reach,3,,,,,,,
62,051a483b,The Carnskyr,Flesh-eater Courts,Skinnerkin,death,7,3,10,['fly'],120,4,3,2,1,0,claws,3,,,,,,,
63,o5iro0e3,High Falconer Felgryn,Flesh-eater Courts,,death,5,3,18,"['hero', 'trapper']",160,3,4,2,1,0,claws,4,2.0,2.0,1.0,20.0,6.0,claws,3.0
64,0kvxvl2d,Kavalos Centari,Teratic Cohort,,death,7,4,20,"['hero', 'elite', 'mount']",205,5,4,2,3,0,reach,4,,,,,,,
65,yofte4ap,Mortek Cykloptian with Dread Glaive,Teratic Cohort,,death,4,4,18,['elite'],125,3,4,2,1,0,axe,5,,,,,,,
66,6ebtzcs3,Mortek Cykloptian with Nadirite Bident,Teratic Cohort,,death,4,4,18,['elite'],125,3,5,1,2,0,spear,5,,,,,,,
67,mg5be1qt,Teratic Prowler,Teratic Cohort,,death,4,4,10,['beast'],70,3,4,2,1,0,claws,3,,,,,,,
68,nqyjc38a,Aviarch Harpy,Teratic Cohort,,death,5,4,10,"['beast', 'fly']",105,4,4,1,1,0,claws,4,,,,,,,
69,8x3l1r2h,Ghoul Tracker,Royal Beastflayers,,death,5,3,8,[],55,3,3,1,1,0,claws,3,,,,,,,
70,5a7z9b1q,Ghoul Gore-Squire,Royal Beastflayers,,death,5,4,12,['champion'],95,4,3,2,1,0,claws,3,,,,,,,
71,m2n8v1f7,Beastflayer Baron,Royal Beastflayers,,death,5,4,16,['brute'],115,3,4,2,1,0,claws,4,,,,,,,
72,q2p6j4h9,Offal Hound,Royal Beastflayers,,death,7,3,18,['beast'],130,3,4,2,1,0,claws,4,,,,,,,
73,3c8m9kx1,Royal Flaymaster,Royal Beastflayers,,death,5,4,20,['hero'],175,3,5,3,2,0,claws,4,,,,,,,
74,8a46a02f,Deacon of Flames with Brazier Staff,Pyregheists,,death,4,5,20,"['hero', 'fly']",190,4,5,2,2,0,club,4,2.0,4.0,2.0,8.0,0.0,blast,4.0
75,88993788,Deacon of Flames with Pyrekeeper's Tongs,Pyregheists,,death,4,5,20,"['hero', 'fly']",190,3,4,3,2,0,fangs,5,2.0,4.0,2.0,8.0,0.0,blast,4.0
76,56aafd11,Balefire Guard with Scorch Flail,Pyregheists,,death,4,5,12,"['elite', 'fly']",115,4,4,2,1,0,reach,4,,,,,,,
77,7387b93f,Balefire Guard with Flaming Halberd,Pyregheists,,death,4,5,12,"['elite', 'fly']",115,3,4,2,2,0,axe,5,,,,,,,
78,5d752034,Torchwraith,Pyregheists,,death,6,4,10,"['frenzied', 'fly']",110,3,3,1,8,0,blast,3,3.0,3.0,1.0,1.0,0.0,dagger,3.0
79,0a96e891,Flamewraith with Brazier-staff,Pyregheists,,death,4,4,12,['fly'],90,3,4,1,2,0,mace,4,,,,,,,
80,e87ff89f,Flamewraith with Balefire Torches,Pyregheists,,death,4,4,12,['fly'],90,4,3,1,1,0,club,4,,,,,,,
81,b8ec3ff9,Askurgan Acolyte with Bonehilt Falchion,Askurgan Trueblades,,death,5,3,12,['elite'],90,2,5,2,1,0,sword,5,,,,,,,
82,346f1247,Askurgan Acolyte with Throat-Taker,Askurgan Trueblades,,death,5,3,12,['elite'],90,3,4,1,3,0,reach,4,,,,,,,
83,0bfbf81b,Askurgan Pariah,Askurgan Trueblades,,death,5,3,18,['scout'],105,2,5,2,1,0,sword,5,,,,,,,
84,c84a0f70,Askurgan Ascetic with Charnel Mace,Askurgan Trueblades,,death,5,4,15,"['elite', 'destroyer']",115,2,4,3,1,0,mace,6,,,,,,,
85,009f3c74,Askurgan Ascetic with Howling Glaive,Askurgan Trueblades,,death,5,4,15,"['elite', 'destroyer']",115,2,5,2,2,0,spear,5,,,,,,,
86,ca3aa681,Curseblood,Askurgan Trueblades,,death,6,4,25,['beast'],160,4,4,2,1,0,fangs,5,,,,,,,
87,fec8cb0a,Askurgan Exemplar,Askurgan Trueblades,,death,5,4,20,"['hero', 'elite', 'destroyer']",205,3,6,4,1,0,sword,6,,,,,,,
88,eff9a586,Deadwalker Zombie,Soulblight Gravelords,,death,3,3,10,['minion'],50,2,4,1,1,0,unarmed,3,,,,,,,
89,bd47f5a9,Skeleton with Ancient Blade,Soulblight Gravelords,,death,3,4,8,['minion'],50,3,3,1,1,0,sword,3,,,,,,,
90,78cf4589,Skeleton with Ancient Spear,Soulblight Gravelords,,death,3,4,8,['minion'],50,2,4,1,2,0,spear,3,,,,,,,
91,e2cce99f,Barrow Guard with Wight Blade and Crypt Shield,Soulblight Gravelords,,death,3,4,10,"['minion', 'elite']",60,3,4,1,1,0,sword,4,,,,,,,
92,8f27f188,Barrow Guard with Great Wight Blade,Soulblight Gravelords,,death,3,3,10,"['minion', 'elite']",70,3,4,2,1,0,sword,5,,,,,,,
93,b05b03a6,Skeleton Champion with Mace,Soulblight Gravelords,,death,3,4,12,"['champion', 'minion', 'elite']",70,4,3,1,1,0,mace,3,,,,,,,
94,905aeffa,Skeleton Champion with Halberd,Soulblight Gravelords,,death,3,4,12,"['champion', 'minion', 'elite']",75,3,4,1,2,0,axe,3,,,,,,,
95,7572a579,Seneschal,Soulblight Gravelords,,death,3,4,15,"['champion', 'minion', 'elite']",100,3,4,2,1,0,axe,5,,,,,,,
96,8b576344,Black Knight,Soulblight Gravelords,,death,8,4,20,['mount'],125,3,4,1,2,0,spear,3,,,,,,,
97,96c2aeac,Vyrkos Blood-born,Soulblight Gravelords,,death,8,3,15,['agile'],135,4,5,1,1,0,sword,4,,,,,,,
98,749b2ad5,Kosargi Nightguard,Soulblight Gravelords,,death,4,4,30,[],140,2,5,2,2,0,axe,5,,,,,,,
99,d6099ed3,Necromancer,Soulblight Gravelords,,death,4,3,20,"['hero', 'mystic']",145,3,4,1,2,0,club,4,2.0,6.0,3.0,7.0,3.0,blast,3.0
100,4825c68e,Wight King,Soulblight Gravelords,,death,3,5,25,"['hero', 'berserker']",155,4,5,2,1,0,sword,4,,,,,,,
101,8f381ed7,Hell Knight,Soulblight Gravelords,,death,8,4,25,"['mount', 'champion']",160,3,4,2,1,0,sword,3,,,,,,,
102,d4b9ecfb,Vargskyr,Soulblight Gravelords,,death,6,4,32,['agile'],185,2,6,3,2,0,claws,5,,,,,,,
103,9c09305d,Vargheist,Soulblight Gravelords,,death,8,4,28,"['fly', 'ferocious']",190,4,4,1,1,0,claws,4,,,,,,,
104,027fb3e0,Blood Knight with Templar Lance,Soulblight Gravelords,,death,8,5,25,"['mount', 'terrifying']",200,3,4,2,2,0,spear,5,,,,,,,
105,0c7def03,Blood Knight with Templar Blade,Soulblight Gravelords,,death,8,5,25,"['mount', 'terrifying']",205,4,4,2,1,0,sword,4,,,,,,,
106,20123322,Vampire Lord,Soulblight Gravelords,,death,5,5,25,"['fly', 'hero', 'terrifying']",225,4,6,2,1,0,mace,4,,,,,,,
107,da81876a,Kastellan,Soulblight Gravelords,,death,8,5,30,"['hero', 'mount', 'terrifying']",260,4,5,2,1,0,mace,4,,,,,,,
108,511cca7b,Vargoyle,Soulblight Gravelords,,death,8,4,32,"['fly', 'hero', 'ferocious']",260,4,5,2,1,0,claws,4,,,,,,,
109,c619dda5,Wight King on Skeletal Steed,Soulblight Gravelords,,death,8,5,28,"['hero', 'mount', 'berserker']",270,4,5,2,2,0,spear,5,,,,,,,
110,fd34051b,Helmar the Hewer,Soulblight Gravelords,Sons of Velmorn,death,3,4,10,"['minion', 'elite']",65,3,4,1,1,0,axe,5,,,,,,,
111,f8b3dcac,Marshal Faulk Velmorn,Soulblight Gravelords,Sons of Velmorn,death,3,4,10,"['minion', 'elite']",70,4,4,1,1,0,sword,4,,,,,,,
112,e018ee9c,Thain Fourth-and-Last,Soulblight Gravelords,Sons of Velmorn,death,3,3,10,"['minion', 'elite']",70,3,4,2,1,0,axe,5,,,,,,,
113,60313159,Sir Jedran Falseborn,Soulblight Gravelords,Sons of Velmorn,death,3,5,30,['champion'],150,3,5,2,1,0,sword,5,,,,,,,
114,f7fdf3c0,King Morlak Velmorn,Soulblight Gravelords,Sons of Velmorn,death,3,5,25,"['hero', 'berserker']",160,4,5,2,1,0,sword,4,,,,,,,
115,463478bd,Vellas Von Faine,Soulblight Gravelords,The Crimson Court,death,5,4,16,['terrifying'],105,4,5,1,1,0,sword,3,,,,,,,
116,212b60f9,Ennias Curse-Born,Soulblight Gravelords,The Crimson Court,death,6,3,16,"['fly', 'terrifying']",120,4,4,1,1,0,mace,3,,,,,,,
117,b20fc155,Gorath the Enforcer,Soulblight Gravelords,The Crimson Court,death,5,4,18,['terrifying'],130,2,6,3,2,0,mace,4,,,,,,,
118,f7f88c5a,Prince Duvalle,Soulblight Gravelords,The Crimson Court,death,5,4,26,"['hero', 'terrifying']",210,4,6,2,1,0,sword,4,,,,,,,
119,8c0eb2b3,Regulus,Soulblight Gravelords,The Exiled Dead,death,3,4,10,"['minion', 'bulwark']",55,2,4,1,2,0,axe,3,,,,,,,
120,63df3f6b,Bault,Soulblight Gravelords,The Exiled Dead,death,4,3,10,"['minion', 'frenzied']",60,3,4,1,1,0,unarmed,3,,,,,,,
121,dc077222,Ione,Soulblight Gravelords,The Exiled Dead,death,4,3,10,"['minion', 'frenzied']",60,3,4,1,1,0,dagger,3,,,,,,,
122,a2a383bf,Vlash,Soulblight Gravelords,The Exiled Dead,death,4,3,10,"['minion', 'frenzied']",60,3,4,1,1,0,club,3,,,,,,,
123,f1286a06,Coyl,Soulblight Gravelords,The Exiled Dead,death,4,3,10,"['minion', 'frenzied']",70,3,4,1,1,0,unarmed,4,,,,,,,
124,bac75225,Prentice Marcov,Soulblight Gravelords,The Exiled Dead,death,4,3,15,['sentience'],70,3,3,1,1,0,dagger,3,,,,,,,
125,13b9df83,Deintalos the Exile,Soulblight Gravelords,The Exiled Dead,death,4,4,25,"['hero', 'mystic']",210,4,4,2,2,0,mace,4,2.0,6.0,3.0,7.0,3.0,blast,6.0
126,930df607,Petitioner with Sword,Soulblight Gravelords,The Sepulchral Guard,death,3,3,10,[],55,3,3,1,1,0,sword,3,,,,,,,
127,e2216753,The Harvester,Soulblight Gravelords,The Sepulchral Guard,death,3,3,10,[],55,3,4,1,2,0,scythe,3,,,,,,,
128,6aae37c0,Petitioner with Sword and shield,Soulblight Gravelords,The Sepulchral Guard,death,3,4,10,[],60,3,3,1,1,0,sword,3,,,,,,,
129,23474f3a,The Champion,Soulblight Gravelords,The Sepulchral Guard,death,3,3,14,['champion'],75,4,5,1,1,0,sword,3,,,,,,,
130,4014aaa5,The Prince of Dust,Soulblight Gravelords,The Sepulchral Guard,death,3,4,14,['champion'],105,4,4,2,1,0,mace,3,,,,,,,
131,651ea7c9,The Sepulchral Warden,Soulblight Gravelords,The Sepulchral Guard,death,3,4,18,['hero'],130,3,5,2,2,0,sword,3,,,,,,,
132,ff4efe16,Zondara Rivenheart,Soulblight Gravelords,Zondara's Gravebreakers,death,4,4,20,"['hero', 'mystic']",170,3,4,1,2,0,club,4,2.0,6.0,3.0,7.0,3.0,blast,3.0
133,28196462,Lost Ferlain,Soulblight Gravelords,Zondara's Gravebreakers,death,5,4,25,['agile'],195,5,6,2,1,0,claws,4,,,,,,,
134,a1daca5a,Toyle,Soulblight Gravelords,Zondara's Gravebreakers,death,3,3,10,['minion'],65,2,3,2,2,0,axe,4,,,,,,,
135,bd96618b,Cracktomb,Soulblight Gravelords,Zondara's Gravebreakers,death,3,3,10,['minion'],55,2,5,1,1,0,dagger,3,,,,,,,
136,7ebc9e7e,Pikk,Soulblight Gravelords,Zondara's Gravebreakers,death,3,3,10,['minion'],55,2,4,1,2,0,axe,4,,,,,,,
137,fzuhetl5,Cado Ezechiar,Soulblight Gravelords,Hollow Blades,death,5,5,28,"['hero', 'terrifying']",235,4,6,2,1,0,sword,5,,,,,,,
138,uoie8qh9,Sissendra,Soulblight Gravelords,Hollow Blades,death,5,4,20,"['hero', 'brute']",175,5,5,2,1,0,sword,4,,,,,,,
139,mk84uwp6,Aurelias,Soulblight Gravelords,Hollow Blades,death,4,4,20,"['hero', 'mystic']",135,4,4,2,1,0,claws,4,2.0,6.0,3.0,7.0,3.0,blast,3.0
140,zaw0flmt,Wight Lord on Skeletal Steed,Soulblight Gravelords,,death,8,5,25,"['hero', 'berserker', 'mount']",215,3,5,2,1,0,sword,5,,,,,,,
141,fb7ec24d,Chainrasp,Nighthaunt,,death,6,4,8,"['fly', 'minion']",70,3,2,1,1,0,club,3,,,,,,,
142,930b26af,Glaivewraith Stalker,Nighthaunt,,death,6,4,10,['fly'],90,3,3,1,2,0,spear,3,,,,,,,
143,e5997176,Bladegheist Revenant,Nighthaunt,,death,6,4,10,['fly'],100,3,4,1,1,0,sword,4,,,,,,,
144,da7c1f99,Craventhrone Guard,Nighthaunt,,death,6,4,10,['fly'],105,2,2,1,1,0,axe,3,2.0,3.0,1.0,10.0,3.0,ranged,4.0
145,831614b6,Dreadscythe Harridan,Nighthaunt,,death,6,4,10,"['fly', 'terrifying']",100,5,3,1,1,0,scythe,3,,,,,,,
146,7efeabb6,Grimghast Reaper,Nighthaunt,,death,6,4,10,"['fly', 'elite']",105,3,4,1,2,0,scythe,3,,,,,,,
147,6ef3ac48,Myrmourn Banshee,Nighthaunt,,death,6,4,10,['fly'],115,3,4,2,1,0,dagger,4,,,,,,,
148,28a1c10f,Dreadwarden,Nighthaunt,,death,6,4,12,"['fly', 'hero', 'minion']",125,3,4,2,1,0,sword,3,,,,,,,
149,f2987e70,Chainghast,Nighthaunt,,death,6,4,15,['fly'],130,2,4,1,12,0,blast,4,,,,,,,
150,ab1581bf,Craven Huntmaster,Nighthaunt,,death,6,4,15,"['fly', 'hero']",135,2,3,1,1,0,axe,3,2.0,3.0,1.0,10.0,3.0,ranged,4.0
151,57a7d06e,Extoller of Shyish,Nighthaunt,,death,6,4,15,"['fly', 'hero']",135,3,4,2,2,0,scythe,3,,,,,,,
152,968b9396,Scriptor Mortis,Nighthaunt,,death,6,4,22,"['fly', 'hero', 'sentience']",155,3,4,1,1,0,unarmed,4,,,,,,,
153,a6051678,Hexwraith,Nighthaunt,,death,10,4,20,"['destroyer', 'fly']",160,4,3,1,2,0,scythe,3,,,,,,,
154,94d1c63f,Slasher Crone,Nighthaunt,,death,6,4,15,"['fly', 'hero', 'terrifying']",150,5,4,2,1,0,scythe,3,,,,,,,
155,93d04ab5,Spirit Host,Nighthaunt,,death,6,4,28,"['fly', 'destroyer']",170,6,3,1,1,0,dagger,3,,,,,,,
156,55721d23,Guardian of Souls,Nighthaunt,,death,6,4,20,"['fly', 'hero', 'mystic']",175,2,4,1,1,0,sword,3,2.0,6.0,3.0,7.0,3.0,blast,3.0
157,1731bf20,Lord Executioner,Nighthaunt,,death,6,4,20,"['fly', 'hero']",175,2,6,3,1,0,axe,5,,,,,,,
158,b27da0c3,Tomb Banshee,Nighthaunt,,death,6,4,18,"['fly', 'hero', 'destroyer']",175,4,4,1,1,0,dagger,3,2.0,5.0,2.0,10.0,0.0,blast,4.0
159,81c3e8e6,Cairn Wraith,Nighthaunt,,death,6,4,18,"['fly', 'hero', 'elite']",180,3,5,2,2,0,scythe,4,,,,,,,
160,d5f876bf,Knight of Shrouds,Nighthaunt,,death,6,4,20,"['fly', 'hero', 'champion']",170,4,4,2,1,0,sword,4,,,,,,,
161,4b15e827,Spirit Torment,Nighthaunt,,death,6,4,25,"['hero', 'fly', 'trapper']",195,2,5,3,2,0,reach,5,,,,,,,
162,65bb413a,Hellwraith,Nighthaunt,,death,10,4,25,"['hero', 'destroyer', 'fly']",200,4,4,1,2,0,scythe,3,,,,,,,
163,dd5caf24,Krulghast Cruciator,Nighthaunt,,death,6,4,25,"['fly', 'hero']",205,4,4,1,10,0,blast,4,,,,,,,
164,6930e3c5,Dreadblade Harrow,Nighthaunt,,death,10,4,25,"['fly', 'hero', 'berserker']",235,4,4,2,1,0,sword,4,,,,,,,
165,2112939a,Knight of Shrouds on Ethereal Steed,Nighthaunt,,death,10,4,28,"['fly', 'hero', 'champion']",250,4,4,2,1,0,sword,4,,,,,,,
166,46469a66,Sharpener of the Blade,Nighthaunt,The Headsmen's Curse,death,6,4,8,"['fly', 'agile']",80,1,6,1,1,0,dagger,3,,,,,,,
167,5fe9e5ac,Scriptor of the Sentence,Nighthaunt,The Headsmen's Curse,death,6,4,14,['fly'],115,3,3,1,1,0,unarmed,3,2.0,3.0,1.0,9.0,3.0,blast,4.0
168,72d7f991,Bearer of the Block,Nighthaunt,The Headsmen's Curse,death,6,4,16,['fly'],135,3,4,2,1,0,club,4,,,,,,,
169,1e81b270,Wielder of the Blade,Nighthaunt,The Headsmen's Curse,death,6,4,20,"['fly', 'hero']",175,2,6,3,1,0,sword,5,,,,,,,
170,85729664,Thorns of the Briar Queen Chainrasp,Nighthaunt,Thorns of the Briar Queen,death,5,4,8,"['fly', 'minion']",70,3,3,1,1,0,club,3,,,,,,,
171,fbbef87c,The Ever-hanged,Nighthaunt,Thorns of the Briar Queen,death,5,4,10,"['fly', 'minion']",90,3,4,1,1,0,sword,3,,,,,,,
172,39b2a7eb,Varclav the Cruel,Nighthaunt,Thorns of the Briar Queen,death,5,4,16,"['fly', 'minion']",100,3,4,2,1,0,sword,3,,,,,,,
173,5e507418,Briar Queen,Nighthaunt,Thorns of the Briar Queen,death,5,5,22,"['hero', 'fly']",195,3,4,1,1,0,dagger,3,2.0,5.0,2.0,9.0,3.0,blast,3.0
174,yhgkppek,Lord Vitriolic,Nighthaunt,,death,6,4,25,"['hero', 'scout', 'fly']",140,2,4,2,1,0,dagger,4,2.0,4.0,2.0,8.0,3.0,blast,3.0
175,d93fb6db,Vulkite Berzerker with Fyresteel Weapon and Bladed Slingshield,Fyreslayers,,order,3,5,12,['bulwark'],65,2,4,1,1,0,axe,4,,,,,,,
176,966eced5,Vulkite Berzerker with Pair of Fyresteel Handaxes,Fyreslayers,,order,3,4,12,[],70,4,3,1,1,0,axe,4,,,,,,,
177,fb2ba54f,Hearthguard Berzerker with Flamestrike Poleaxe,Fyreslayers,,order,3,4,12,['warrior'],95,3,5,2,2,0,axe,4,,,,,,,
178,aa9b9ddb,Hearthguard Berzerker with Berzerker Broadaxe,Fyreslayers,,order,3,4,12,['warrior'],100,3,4,2,2,0,axe,5,,,,,,,
179,d56f9da0,Auric Flamekeeper,Fyreslayers,,order,3,4,20,"['hero', 'terrifying']",105,3,4,1,1,0,axe,4,,,,,,,
180,bff8e66d,Auric Runesmiter,Fyreslayers,,order,3,4,20,"['hero', 'mystic']",110,3,4,1,1,0,axe,4,,,,,,,
181,7237f2f1,Vulkite Berzerker Karl,Fyreslayers,,order,3,4,16,['hero'],110,4,4,2,1,0,axe,4,,,,,,,
182,a599a3f6,Auric Hearthguard,Fyreslayers,,order,3,4,12,['frenzied'],115,3,2,1,1,0,axe,3,2.0,4.0,2.0,15.0,3.0,blast,4.0
183,2bf4bd02,Auric Runemaster,Fyreslayers,,order,3,4,22,"['hero', 'priest']",120,3,4,1,2,0,club,4,,,,,,,
184,6ad97821,Battlesmith,Fyreslayers,,order,3,4,20,"['hero', 'icon-bearer']",120,3,4,2,1,0,axe,4,,,,,,,
185,556ec979,Auric Runeson with Wyrmslayer Javelin,Fyreslayers,,order,3,4,20,"['hero', 'brute']",130,2,4,2,8,0,spear,4,,,,,,,
186,18cf031a,Auric Runeson with Ancestral War-Axe,Fyreslayers,,order,3,4,20,"['hero', 'brute']",130,4,4,2,1,0,axe,4,,,,,,,
187,cd1ea539,Doomseeker,Fyreslayers,,order,3,4,20,['hero'],135,5,4,2,1,0,axe,4,,,,,,,
188,8b2cb606,Grimwrath Berzerker,Fyreslayers,,order,3,4,22,"['hero', 'berserker']",135,3,5,2,1,0,axe,5,,,,,,,
189,2fd7648b,Auric Hearthguard Karl,Fyreslayers,,order,3,4,16,"['hero', 'frenzied']",140,3,2,1,1,0,axe,4,2.0,4.0,2.0,15.0,3.0,blast,4.0
190,d0edb920,Hearthguard Berzerker Karl with Berzerker Broadaxe,Fyreslayers,,order,3,4,16,"['hero', 'warrior']",140,4,4,2,2,0,axe,5,,,,,,,
191,7e554b40,Hearthguard Berzerker Karl with Flamestrike Poleaxe,Fyreslayers,,order,3,4,16,"['hero', 'warrior']",140,4,5,2,2,0,axe,4,,,,,,,
192,0c480fe0,Auric Runefather,Fyreslayers,,order,3,4,22,"['hero', 'brute']",145,3,5,2,2,0,axe,5,,,,,,,
193,ede35d2e,Mad Maegrim,Fyreslayers,The Chosen Axes,order,3,4,14,[],80,4,3,1,1,0,axe,3,,,,,,,
194,e6bf44e3,Tefk Flamebearer,Fyreslayers,The Chosen Axes,order,3,4,14,[],80,4,3,1,1,0,axe,3,,,,,,,
195,ebfa6092,Vol Orrukbane,Fyreslayers,The Chosen Axes,order,3,4,14,[],95,3,4,2,1,0,axe,4,,,,,,,
196,705d40ef,Fjul-Grimnir,Fyreslayers,The Chosen Axes,order,3,4,26,"['hero', 'brute']",195,3,6,3,2,0,axe,5,,,,,,,
197,4e68aa26,Grimhold Exile,Fyreslayers,,order,3,5,20,"['hero', 'destroyer']",165,5,4,2,1,0,hammer,4,,,,,,,
198,40d5e9b6,Shroudblade with Cursed Swords,Khainite Shadowstalkers,,order,6,3,8,['warrior'],85,4,4,1,1,0,dagger,3,,,,,,,
199,94e09fa1,Shroudblade with Umbral Spear,Khainite Shadowstalkers,,order,6,3,8,['warrior'],85,3,4,1,2,0,spear,4,,,,,,,
200,101719f9,Darkflame Warlock with Repeater Crossbows,Khainite Shadowstalkers,,order,6,3,12,['mystic'],100,4,3,1,8,0,ranged,3,,,,,,,
201,13ce2d04,Darkflame Warlock with Doomfire Ring,Khainite Shadowstalkers,,order,6,3,12,['mystic'],105,3,3,1,1,0,blast,3,2.0,4.0,2.0,7.0,3.0,ranged,4.0
202,42aa3227,Slaughtershade with Umbral Spears,Khainite Shadowstalkers,,order,6,3,12,"['warrior', 'berserker']",115,4,4,1,2,0,spear,4,,,,,,,
203,f9a82bda,Slaughtershade with Shadow Whip,Khainite Shadowstalkers,,order,6,3,12,"['warrior', 'berserker']",115,3,4,2,3,0,reach,4,,,,,,,
204,b8c2ba31,Shroud Queen,Khainite Shadowstalkers,,order,6,4,20,['hero'],210,5,5,2,1,0,sword,4,4.0,4.0,2.0,3.0,0.0,reach,4.0
205,435555ec,Namarti Thrall,Idoneth Deepkin,,order,5,3,8,['minion'],80,3,4,1,2,0,sword,4,,,,,,,
206,c150c15b,Namarti Reaver,Idoneth Deepkin,,order,6,3,8,['agile'],105,3,3,1,1,0,dagger,3,2.0,3.0,1.0,15.0,3.0,ranged,3.0
207,221c9420,Isharann Tidecaster,Idoneth Deepkin,,order,5,3,18,"['hero', 'mystic']",130,3,4,1,2,0,club,3,2.0,6.0,3.0,7.0,3.0,blast,3.0
208,38ec346f,Isharann Soulscryer,Idoneth Deepkin,,order,5,3,18,"['hero', 'priest']",140,3,4,2,2,0,claws,4,,,,,,,
209,56e6c850,Akhelian Thrallmaster,Idoneth Deepkin,,order,5,3,18,"['hero', 'sentience']",170,4,5,2,2,0,spear,4,,,,,,,
210,6b637ace,Akhelian Ishlaen Guard,Idoneth Deepkin,,order,10,4,20,"['fly', 'bulwark']",180,4,4,2,1,0,sword,3,,,,,,,
211,2e85defe,Isharann Soulrender,Idoneth Deepkin,,order,5,3,22,"['hero', 'frenzied']",185,4,5,2,2,0,scythe,4,3.0,4.0,2.0,3.0,0.0,fangs,4.0
212,250f1616,Akhelian Morrsarr Guard,Idoneth Deepkin,,order,10,4,20,"['fly', 'berserker']",200,3,4,2,2,0,spear,4,,,,,,,
213,d7502c69,Akhelian Ishlaen Guard Lochian Prince,Idoneth Deepkin,,order,10,4,25,"['fly', 'hero', 'bulwark']",250,4,5,2,1,0,sword,4,,,,,,,
214,0aa6b8cb,Akhelian Morrsarr Guard Lochian Prince,Idoneth Deepkin,,order,10,4,25,"['berserker', 'fly', 'hero']",260,4,5,2,2,0,spear,4,,,,,,,
215,7787d280,Akhelian King with Greatsword,Idoneth Deepkin,,order,10,4,35,"['fly', 'hero', 'champion']",305,5,5,2,1,0,sword,4,,,,,,,
216,7bcf3997,Akhelian King with Bladed Polearm,Idoneth Deepkin,,order,10,4,35,"['fly', 'hero', 'champion']",305,4,5,2,2,0,spear,5,,,,,,,
217,318fd43b,Spinefin,Idoneth Deepkin,Elathain's Soulraid,order,12,2,6,"['beast', 'fly']",80,3,3,1,1,0,fangs,3,,,,,,,
218,892eca79,Tammael,Idoneth Deepkin,Elathain's Soulraid,order,5,3,10,['trapper'],90,2,4,1,8,0,spear,4,,,,,,,
219,dd0a461e,Fuirann,Idoneth Deepkin,Elathain's Soulraid,order,5,4,16,[],120,4,4,2,1,0,sword,3,,,,,,,
220,45fa3090,Duinclaw,Idoneth Deepkin,Elathain's Soulraid,order,4,6,12,['beast'],110,2,5,2,1,0,claws,5,,,,,,,
221,52e96d63,Elathain Ill-fated,Idoneth Deepkin,Elathain's Soulraid,order,5,3,24,['hero'],165,4,4,2,1,0,scythe,4,3.0,4.0,2.0,3.0,0.0,fangs,4.0
222,05bc352b,Cyreni of the Abyss,Idoneth Deepkin,Cyreni's Razors,order,5,3,20,['hero'],165,2,3,2,2,0,club,3,3.0,7.0,3.0,7.0,3.0,blast,3.0
223,3099608e,Alathyrr,Idoneth Deepkin,Cyreni's Razors,order,5,4,10,['minion'],95,3,4,1,2,0,spear,4,4.0,4.0,1.0,1.0,0.0,spear,4.0
224,17c711cf,Renglaith,Idoneth Deepkin,Cyreni's Razors,order,5,4,10,['minion'],95,3,4,1,2,0,spear,4,2.0,4.0,2.0,3.0,0.0,spear,4.0
225,48027599,Cephanyr,Idoneth Deepkin,Cyreni's Razors,order,5,4,18,['beast'],100,8,2,1,1,0,fangs,3,,,,,,,
226,d3xtb8hb,Ikon of the Sea,Idoneth Deepkin,,order,6,3,20,"['hero', 'fly', 'brute']",180,3,4,3,2,0,spear,5,,,,,,,
227,972o3kry,Ikon of the Storm,Idoneth Deepkin,,order,6,3,20,"['hero', 'fly', 'terrifying']",200,5,5,2,1,0,sword,4,,,,,,,
228,e11a4980,Gryph-Hound,Stormcast Eternals Warrior Chamber,,order,6,4,12,['beast'],115,4,4,1,1,0,claws,4,,,,,,,
229,9e3266e3,Liberator with Warhammer and Sigmarite Shield,Stormcast Eternals Warrior Chamber,,order,4,6,20,"['warrior', 'bulwark']",120,2,4,2,1,0,hammer,5,,,,,,,
230,52ad2067,Liberator with Warblade and Sigmarite Shield,Stormcast Eternals Warrior Chamber,,order,4,6,20,"['warrior', 'bulwark']",130,3,4,2,1,0,sword,4,,,,,,,
231,c6d21fa6,Retributor,Stormcast Eternals Warrior Chamber,,order,3,6,20,['brute'],130,3,5,3,1,0,hammer,5,,,,,,,
232,c2e43d33,Decimator,Stormcast Eternals Warrior Chamber,,order,3,6,20,['brute'],135,3,6,3,2,0,axe,4,,,,,,,
233,0115e4c3,Liberator with Paired Warhammers,Stormcast Eternals Warrior Chamber,,order,4,5,20,['warrior'],135,3,4,2,1,0,hammer,5,,,,,,,
234,38faad84,Liberator with Paired Warblades,Stormcast Eternals Warrior Chamber,,order,4,5,20,['warrior'],140,4,4,2,1,0,sword,4,,,,,,,
235,db773aee,Protector,Stormcast Eternals Warrior Chamber,,order,3,6,20,['brute'],140,3,5,3,3,0,spear,4,,,,,,,
236,a1b60d21,Liberator with Grandhammer,Stormcast Eternals Warrior Chamber,,order,4,5,20,['warrior'],155,3,5,3,1,0,hammer,5,,,,,,,
237,362a004f,Paladin with Starsoul Mace,Stormcast Eternals Warrior Chamber,,order,3,6,20,['brute'],165,3,8,4,1,0,mace,5,,,,,,,
238,686009b5,Liberator with Grandblade,Stormcast Eternals Warrior Chamber,,order,4,5,20,['warrior'],160,4,5,3,1,0,sword,4,,,,,,,
239,c1eff32e,Liberator-Prime with Warhammer and Sigmarite Shield,Stormcast Eternals Warrior Chamber,,order,4,6,25,"['hero', 'warrior', 'bulwark']",170,3,4,2,1,0,hammer,5,,,,,,,
240,0253436b,Knight-Vexillor,Stormcast Eternals Warrior Chamber,,order,4,5,28,"['hero', 'icon-bearer']",175,3,4,2,1,0,hammer,4,,,,,,,
241,5eef577d,Liberator-Prime with Warblade and Sigmarite Shield,Stormcast Eternals Warrior Chamber,,order,4,6,25,"['hero', 'warrior', 'bulwark']",180,4,4,2,1,0,sword,4,,,,,,,
242,9331bd6b,Lord-Relictor,Stormcast Eternals Warrior Chamber,,order,4,5,30,"['hero', 'priest']",180,3,4,2,1,0,hammer,4,,,,,,,
243,a1cff21c,Lord-Veritant,Stormcast Eternals Warrior Chamber,,order,4,5,30,"['hero', 'berserker']",180,3,5,2,1,0,sword,4,,,,,,,
244,c8f8790a,Retributor-Prime,Stormcast Eternals Warrior Chamber,,order,3,6,25,"['hero', 'brute']",190,4,5,3,1,0,hammer,5,,,,,,,
245,c860a56e,Knight-Heraldor,Stormcast Eternals Warrior Chamber,,order,4,5,28,"['hero', 'destroyer']",185,4,4,2,1,0,hammer,4,,,,,,,
246,b588a277,Decimator-Prime,Stormcast Eternals Warrior Chamber,,order,3,6,25,"['hero', 'brute']",190,4,6,3,2,0,axe,4,,,,,,,
247,a9f1ae21,Knight-Questor,Stormcast Eternals Warrior Chamber,,order,4,6,28,"['hero', 'bulwark']",190,4,5,2,1,0,sword,4,,,,,,,
248,300f4a8f,Liberator-Prime with Paired Warblades,Stormcast Eternals Warrior Chamber,,order,4,5,25,"['hero', 'warrior']",190,5,4,2,1,0,sword,4,,,,,,,
249,208340b5,Liberator-Prime with Paired Warhammers,Stormcast Eternals Warrior Chamber,,order,4,5,25,"['hero', 'warrior']",190,4,4,2,1,0,hammer,5,,,,,,,
250,bd9b1a18,Judicator with Boltstorm Crossbow,Stormcast Eternals Warrior Chamber,,order,4,5,20,[],195,3,4,1,1,0,dagger,4,4.0,4.0,2.0,12.0,3.0,ranged,4.0
251,5a7a0b1a,Lord-Castellant,Stormcast Eternals Warrior Chamber,,order,4,5,30,"['hero', 'mystic']",195,2,6,3,2,0,axe,5,,,,,,,
252,b221104c,Protector-Prime,Stormcast Eternals Warrior Chamber,,order,3,6,25,"['hero', 'brute']",195,4,5,3,3,0,spear,4,,,,,,,
253,2f1ad6a8,Judicator with Skybolt Bow,Stormcast Eternals Warrior Chamber,,order,4,5,20,[],200,3,4,1,1,0,dagger,4,3.0,4.0,2.0,20.0,3.0,ranged,4.0
254,14d68eb5,Prosecutor with Celestial Hammer and Sigmarite Shield,Stormcast Eternals Warrior Chamber,,order,10,6,20,"['fly', 'bulwark']",200,3,4,2,1,0,hammer,4,2.0,4.0,2.0,8.0,3.0,hammer,4.0
255,742aaae5,Lord- Celestant,Stormcast Eternals Warrior Chamber,,order,4,5,30,"['hero', 'champion']",215,5,5,2,1,0,sword,4,,,,,,,
256,f4c9c4de,Prosecutor with Stormcall Javelin and Sigmarite Shield,Stormcast Eternals Warrior Chamber,,order,10,6,20,"['fly', 'bulwark']",215,3,5,2,2,0,spear,4,2.0,5.0,2.0,8.0,3.0,spear,4.0
257,7a6c8efd,Prosecutor with Paired Celestial Hammers,Stormcast Eternals Warrior Chamber,,order,10,5,20,['fly'],220,4,4,2,1,0,hammer,4,3.0,4.0,2.0,8.0,3.0,hammer,4.0
258,17f150c2,Judicator-Prime with Boltstorm Crossbow,Stormcast Eternals Warrior Chamber,,order,4,5,25,['hero'],230,4,4,1,1,0,dagger,4,4.0,4.0,2.0,12.0,3.0,ranged,4.0
259,c293a2c7,Prosecutor with Grandaxe,Stormcast Eternals Warrior Chamber,,order,10,5,20,['fly'],230,3,6,3,1,0,axe,4,,,,,,,
260,0dc2ea8f,Judicator with Shockbolt Bow,Stormcast Eternals Warrior Chamber,,order,4,5,20,[],235,3,4,1,1,0,dagger,4,3.0,6.0,2.0,20.0,3.0,ranged,5.0
261,fddc3405,Judicator-Prime with Skybolt Bow,Stormcast Eternals Warrior Chamber,,order,4,5,25,['hero'],235,4,4,1,1,0,dagger,4,3.0,4.0,2.0,20.0,3.0,ranged,4.0
262,28209a80,Prosecutor with Stormsurge Trident and Sigmarite Shield,Stormcast Eternals Warrior Chamber,,order,10,6,20,"['fly', 'bulwark']",235,3,5,3,2,0,spear,4,2.0,5.0,3.0,8.0,3.0,spear,4.0
263,c2871fd4,Judicator with Thunderbolt Crossbow,Stormcast Eternals Warrior Chamber,,order,4,5,20,[],240,3,4,1,1,0,dagger,4,5.0,4.0,2.0,15.0,6.0,ranged,4.0
264,4ad46e0d,Prosecutor with Grandhammer,Stormcast Eternals Warrior Chamber,,order,10,5,20,['fly'],240,3,5,3,1,0,hammer,5,,,,,,,
265,95209c99,Prosecutor with Grandblade,Stormcast Eternals Warrior Chamber,,order,10,5,20,['fly'],250,4,5,3,1,0,sword,4,,,,,,,
266,0e3650c5,Prosecutor-Prime with Celestial Hammer and Sigmarite Shield,Stormcast Eternals Warrior Chamber,,order,10,6,25,"['fly', 'hero']",255,4,4,2,1,0,hammer,4,2.0,4.0,2.0,8.0,3.0,hammer,4.0
267,e47ab190,Prosecutor-Prime with Stormcall Javelin and Sigmarite Shield,Stormcast Eternals Warrior Chamber,,order,10,6,25,"['fly', 'hero', 'bulwark']",275,4,5,2,2,0,spear,4,2.0,5.0,2.0,8.0,3.0,spear,4.0
268,d5b4aea8,Prosecutor-Prime with Paired Celestial Hammers,Stormcast Eternals Warrior Chamber,,order,10,5,25,"['fly', 'hero']",280,5,4,2,1,0,hammer,4,3.0,4.0,2.0,8.0,3.0,hammer,4.0
269,b3afdf8e,Angharad Brightshield,Stormcast Eternals Warrior Chamber,Steelheart's Champions,order,4,6,22,"['bulwark', 'warrior']",125,2,4,2,1,0,hammer,5,,,,,,,
270,d2e6ba6a,Obryn the Bold,Stormcast Eternals Warrior Chamber,Steelheart's Champions,order,4,5,22,['warrior'],155,3,5,3,1,0,hammer,5,,,,,,,
271,86875a8a,Severin Steelheart,Stormcast Eternals Warrior Chamber,Steelheart's Champions,order,4,5,30,"['hero', 'warrior']",190,4,5,2,1,0,sword,4,,,,,,,
272,4c8c3f46,Tree-Revenant,Sylvaneth,,order,4,3,10,['warrior'],65,3,3,1,1,0,sword,3,,,,,,,
273,d24e0a5c,Dryad,Sylvaneth,,order,5,3,10,['scout'],70,4,3,1,1,0,claws,3,,,,,,,
274,9722eb47,Spite-Revenant,Sylvaneth,,order,4,3,10,['terrifying'],75,4,3,1,1,0,claws,4,,,,,,,
275,0f6bb606,Tree-Revenant Scion with Enchanted Blade,Sylvaneth,,order,4,3,15,"['hero', 'warrior']",110,4,4,2,1,0,sword,3,,,,,,,
276,6f4e923e,Tree-Revenant Scion with Protector Glaive,Sylvaneth,,order,4,3,15,"['hero', 'warrior']",115,3,5,2,2,0,spear,3,,,,,,,
277,3a6af4aa,Gossamid Archer,Sylvaneth,,order,10,3,10,"['fly', 'trapper']",130,2,2,1,1,0,claws,3,2.0,4.0,1.0,10.0,3.0,ranged,3.0
278,e1c36eb5,Branch Nymph,Sylvaneth,,order,5,3,15,"['hero', 'scout']",140,4,4,2,1,0,claws,4,,,,,,,
279,c76fe85a,Shadestalker,Sylvaneth,,order,4,3,15,"['hero', 'terrifying']",140,5,4,2,1,0,claws,4,,,,,,,
280,855ff6e7,Branchwraith,Sylvaneth,,order,6,3,18,"['hero', 'berserker']",145,3,4,2,1,0,claws,3,2.0,6.0,3.0,7.0,3.0,blast,3.0
281,ec06b688,Branchwych,Sylvaneth,,order,6,3,20,"['hero', 'mystic']",145,3,4,1,2,0,scythe,3,2.0,6.0,3.0,7.0,3.0,blast,3.0
282,8a4d5f1a,Revenant Seeker,Sylvaneth,,order,10,4,20,"['fly', 'sentience']",165,3,4,2,1,0,scythe,3,,,,,,,
283,380e3761,Flitwing Scion,Sylvaneth,,order,10,3,15,"['fly', 'hero', 'trapper']",170,2,3,1,1,0,claws,3,3.0,4.0,1.0,10.0,3.0,ranged,3.0
284,0bbdea02,Kurnoth Hunter with Kurnoth Greatsword,Sylvaneth,,order,4,4,28,[],170,4,5,2,1,0,sword,5,,,,,,,
285,fa35c150,Kurnoth Hunter with Kurnoth Scythe,Sylvaneth,,order,4,4,28,[],185,3,6,3,2,0,scythe,5,,,,,,,
286,0766a660,Spiterider Lancer,Sylvaneth,,order,12,4,20,"['fly', 'sentience']",185,3,5,1,2,0,spear,4,,,,,,,
287,c9d7c7fb,Kurnoth Hunter with Kurnoth Greatbow,Sylvaneth,,order,4,4,28,[],195,3,4,2,1,0,claws,5,2.0,5.0,2.0,20.0,3.0,ranged,4.0
288,c287f7d8,Revenant Soulwarden,Sylvaneth,,order,10,4,25,"['fly', 'hero', 'sentience']",210,4,4,2,1,0,scythe,3,,,,,,,
289,8e682326,Kurnoth Huntmaster with Kurnoth Greatsword,Sylvaneth,,order,4,4,32,['hero'],215,5,5,2,1,0,sword,5,,,,,,,
290,fd4e095d,Spiterider Scion,Sylvaneth,,order,12,4,25,"['fly', 'hero', 'sentience']",240,4,5,1,2,0,spear,4,,,,,,,
291,f3ad3792,Kurnoth Huntmaster with Kurnoth Scythe,Sylvaneth,,order,4,4,32,['hero'],245,4,6,3,2,0,scythe,5,,,,,,,
292,f24a1ee1,Kurnoth Huntmaster with Kurnoth Greatbow,Sylvaneth,,order,4,4,32,['hero'],255,3,4,2,1,0,claws,5,3.0,5.0,2.0,20.0,3.0,ranged,4.0
293,c459d500,Arch-Revenant,Sylvaneth,,order,10,4,25,"['hero', 'destroyer', 'fly']",260,4,5,2,2,0,spear,4,,,,,,,
294,4c7cfa61,Lighaen,Sylvaneth,Skaeth's Wild Hunt,order,8,3,8,['beast'],65,3,4,1,1,0,fangs,3,,,,,,,
295,67eef50b,Sheoch,Sylvaneth,Skaeth's Wild Hunt,order,5,3,10,[],75,4,4,1,1,0,sword,3,,,,,,,
296,90f714c0,Althaen,Sylvaneth,Skaeth's Wild Hunt,order,5,3,10,[],75,2,2,1,1,0,unarmed,3,2.0,4.0,1.0,15.0,3.0,ranged,3.0
297,bf844892,Karthaen,Sylvaneth,Skaeth's Wild Hunt,order,5,3,12,['bulwark'],85,3,4,2,1,0,mace,3,,,,,,,
298,26368c9b,Skaeth the Huntsman,Sylvaneth,Skaeth's Wild Hunt,order,8,4,22,"['hero', 'mount']",160,2,5,2,8,0,spear,4,,,,,,,
299,d6ab1b04,"Ahnslaine, Revenant Archer",Sylvaneth,Ylthari's Guardians,order,4,3,10,[],65,2,2,1,1,0,unarmed,3,2.0,4.0,1.0,15.0,3.0,ranged,3.0
300,a1278c1a,Skhathael,Sylvaneth,Ylthari's Guardians,order,4,3,12,[],85,4,4,2,1,0,sword,3,,,,,,,
301,01198dbb,Gallanghann of the Glade,Sylvaneth,Ylthari's Guardians,order,4,3,10,[],80,2,6,3,2,0,axe,4,,,,,,,
302,15b05d0e,Ylthari,Sylvaneth,Ylthari's Guardians,order,4,3,20,['hero'],125,3,4,1,2,0,club,3,2.0,6.0,3.0,7.0,3.0,blast,3.0
303,76808c49,"Ylarin, Master of the Paths",Sylvaneth,Heralds of Kurnoth,order,8,4,22,"['hero', 'mount']",175,4,4,2,2,0,spear,4,2.0,4.0,2.0,8.0,0.0,ranged,4.0
304,59c328c9,"Cullon, Axe of Kurnoth",Sylvaneth,Heralds of Kurnoth,order,8,3,20,"['brute', 'mount']",165,4,4,3,1,0,axe,5,,,,,,,
305,19ff6414,"Lenwythe, Eye of the Forest",Sylvaneth,Heralds of Kurnoth,order,8,3,20,"['mount', 'scout']",160,2,3,2,1,0,claws,3,2.0,4.0,2.0,12.0,3.0,ranged,3.0
306,0e863d75,Vanari Auralan Warden,Lumineth Realm-lords,,order,5,4,8,['warrior'],65,3,4,1,3,0,spear,3,,,,,,,
307,54e95d67,Alarith Stoneguard with Stone Mallet,Lumineth Realm-lords,,order,3,4,12,['brute'],85,3,4,2,2,0,hammer,5,,,,,,,
308,0f16f044,Alarith Stoneguard with Diamondpick Hammer,Lumineth Realm-lords,,order,3,4,12,['brute'],85,3,5,2,2,0,hammer,4,,,,,,,
309,65fc0654,High Sentinel,Lumineth Realm-lords,,order,5,3,12,"['hero', 'warrior', 'scout']",90,3,4,2,1,0,sword,3,,,,,,,
310,f2d3c2e1,Vanari Auralan Sentinel,Lumineth Realm-lords,,order,5,3,8,['warrior'],90,3,3,1,1,0,dagger,3,2.0,3.0,1.0,15.0,3.0,ranged,3.0
311,7ca4e90b,High Warden,Lumineth Realm-lords,,order,5,4,12,"['hero', 'warrior', 'trapper']",95,3,4,2,1,0,sword,3,,,,,,,
312,eeba329c,Scinari Cathallar,Lumineth Realm-lords,,order,5,3,16,"['hero', 'terrifying']",95,2,4,2,1,0,blast,4,,,,,,,
313,97858b65,Truestone Seneschal,Lumineth Realm-lords,,order,3,4,16,"['hero', 'brute']",105,4,4,2,1,0,hammer,4,,,,,,,
314,a0146a89,Vanari Bladelord,Lumineth Realm-lords,,order,5,3,12,"['warrior', 'frenzied']",110,3,5,2,2,0,sword,4,,,,,,,
315,62b10a27,Scinari Calligrave,Lumineth Realm-lords,,order,5,3,18,"['hero', 'elite']",120,2,4,1,1,0,sword,3,2.0,6.0,3.0,7.0,3.0,blast,3.0
316,d54f7484,Scinari Loreseeker,Lumineth Realm-lords,,order,5,3,18,"['hero', 'destroyer']",125,3,4,2,1,0,sword,4,2.0,6.0,3.0,7.0,3.0,blast,3.0
317,2bafb07a,Scinari Enlightener,Lumineth Realm-lords,,order,5,3,18,['hero'],140,3,4,2,1,0,sword,3,4.0,3.0,1.0,12.0,3.0,blast,4.0
318,f9eb13e8,Bladelord Seneschal with Sunmetal Dual Blades,Lumineth Realm-lords,,order,5,3,16,"['hero', 'warrior', 'frenzied']",145,5,4,2,1,0,sword,4,,,,,,,
319,7c2e6569,Hurakan Windcharger,Lumineth Realm-lords,,order,12,3,18,"['agile', 'berserker']",145,4,3,1,1,0,claws,3,2.0,4.0,1.0,10.0,0.0,ranged,4.0
320,29aafad6,Bladelord Seneschal with Sunmetal Greatblade,Lumineth Realm-lords,,order,5,3,16,"['hero', 'warrior', 'frenzied']",150,4,5,2,2,0,sword,4,,,,,,,
321,da1e2690,Alarith Stonemage,Lumineth Realm-lords,,order,5,4,20,"['hero', 'mystic', 'fly']",155,3,4,1,2,0,mace,3,2.0,6.0,3.0,7.0,3.0,blast,3.0
322,67b97055,Vanari Dawnrider,Lumineth Realm-lords,,order,10,4,18,"['warrior', 'mount']",160,4,4,2,2,0,spear,3,,,,,,,
323,bef68181,Windspeaker Seneschal,Lumineth Realm-lords,,order,12,3,22,"['hero', 'berserker', 'agile']",185,4,3,1,1,0,claws,3,3.0,4.0,1.0,10.0,0.0,ranged,4.0
324,9b03a8f2,Hurakan Windmage,Lumineth Realm-lords,,order,12,3,22,"['hero', 'agile', 'fly']",195,3,4,1,1,0,club,3,2.0,6.0,3.0,7.0,3.0,blast,3.0
325,68f9749e,Steedmaster,Lumineth Realm-lords,,order,10,4,22,"['hero', 'warrior', 'mount']",205,4,4,2,2,0,spear,4,,,,,,,
326,6f24b3ed,Vanari Lord Regent,Lumineth Realm-lords,,order,10,4,28,"['hero', 'warrior', 'mount']",235,4,5,2,1,0,sword,4,2.0,6.0,3.0,7.0,3.0,blast,3.0
327,a94938d9,Senaela,Lumineth Realm-lords,Myari's Purifiers,order,5,3,10,['warrior'],95,3,3,1,1,0,dagger,3,2.0,3.0,1.0,15.0,3.0,ranged,3.0
328,14206cb0,Ailenn the Mind's Edge,Lumineth Realm-lords,Myari's Purifiers,order,5,3,14,"['frenzied', 'warrior']",105,3,5,2,1,0,sword,4,,,,,,,
329,8167aef1,Bahannar,Lumineth Realm-lords,Myari's Purifiers,order,3,4,14,['brute'],90,3,4,2,2,0,hammer,5,,,,,,,
330,28e8eb85,Myari Lightcaller,Lumineth Realm-lords,Myari's Purifiers,order,5,3,20,"['hero', 'scout']",120,3,4,1,1,0,club,3,2.0,6.0,3.0,7.0,3.0,blast,3.0
331,eaec58a2,Ironbreaker,Cities of Sigmar: Dispossessed,,order,3,5,12,['bulwark'],75,3,3,1,1,0,hammer,3,,,,,,,
332,f86feaaf,Longbeard with Ancestral Weapon and Gromril Shield,Cities of Sigmar: Dispossessed,,order,3,5,12,['champion'],80,3,4,2,1,0,hammer,3,,,,,,,
333,353ccf7c,Hammerer,Cities of Sigmar: Dispossessed,,order,3,4,12,['destroyer'],85,3,5,2,1,0,hammer,4,,,,,,,
334,7eb24003,Longbeard with Ancestral Great Axe,Cities of Sigmar: Dispossessed,,order,3,4,12,['champion'],85,3,4,2,1,0,axe,4,,,,,,,
335,17bfdc39,Irondrake,Cities of Sigmar: Dispossessed,,order,3,4,12,['elite'],85,2,2,1,1,0,unarmed,3,2.0,4.0,1.0,12.0,3.0,ranged,3.0
336,5c8db207,Ironbeard with Drakefire Pistol and Cinderblast Bomb,Cities of Sigmar: Dispossessed,,order,3,4,16,"['hero', 'bulwark']",110,2,4,2,5,3,blast,5,3.0,3.0,1.0,8.0,0.0,ranged,3.0
337,3dd9ab0b,Old Guard with Ancestral Weapon and Gromril Shield,Cities of Sigmar: Dispossessed,,order,3,5,16,"['hero', 'champion']",115,4,4,2,1,0,axe,3,,,,,,,
338,46f24f9a,Runelord,Cities of Sigmar: Dispossessed,,order,3,4,20,"['hero', 'priest']",115,3,4,2,1,0,hammer,4,,,,,,,
339,bce5a104,Keeper of the Gate,Cities of Sigmar: Dispossessed,,order,3,4,16,"['hero', 'destroyer']",120,4,5,2,1,0,hammer,4,,,,,,,
340,4de3176c,Warden King,Cities of Sigmar: Dispossessed,,order,3,5,22,"['hero', 'brute']",145,4,5,2,1,0,hammer,4,,,,,,,
341,87939494,Cogsmith,Cities of Sigmar: Dispossessed,,order,3,4,20,"['hero', 'trapper']",145,3,4,2,1,0,axe,4,2.0,4.0,2.0,12.0,3.0,ranged,4.0
342,f84e4610,Ironwarden with Grudgehammer Torpedo,Cities of Sigmar: Dispossessed,,order,3,4,16,"['hero', 'elite']",160,3,3,1,1,0,unarmed,3,2.0,5.0,2.0,15.0,3.0,ranged,5.0
343,9bb7b4e4,Gyrocopter,Cities of Sigmar: Dispossessed,,order,12,4,22,['fly'],190,2,4,2,1,0,blast,4,2.0,3.0,1.0,12.0,3.0,ranged,4.0
344,2d7e63f1,Gyrobomber,Cities of Sigmar: Dispossessed,,order,10,4,25,['fly'],215,3,4,2,1,0,blast,5,3.0,3.0,1.0,15.0,3.0,ranged,4.0
345,f25b52f4,Freeguild Command Corps Mascot Gargoylian,Cities of Sigmar: Castelite Hosts,,order,4,3,10,['beast'],50,3,3,1,1,0,claws,3,,,,,,,
346,7a86de3c,Freeguild Command Corps War Surgeon,Cities of Sigmar: Castelite Hosts,,order,4,3,12,['sentience'],60,3,3,1,1,0,dagger,3,,,,,,,
347,e1b3c0d5,Flagellant,Cities of Sigmar: Castelite Hosts,,order,4,3,10,[],60,4,3,1,1,0,club,3,,,,,,,
348,8c569252,Freeguild Steelhelm,Cities of Sigmar: Castelite Hosts,,order,4,4,10,['bulwark'],60,3,3,1,1,0,sword,3,,,,,,,
349,fb5f13f5,Battle Priest,Cities of Sigmar: Castelite Hosts,,order,4,4,12,['hero'],65,3,3,1,1,0,club,4,,,,,,,
350,a5ec546b,Freeguild Command Corps Soul Shepherd,Cities of Sigmar: Castelite Hosts,,order,4,3,14,['priest'],70,2,3,1,1,0,unarmed,3,5.0,1.0,1.0,7.0,3.0,blast,1.0
351,20090195,Freeguild Command Corps Whisperblade,Cities of Sigmar: Castelite Hosts,,order,4,3,15,['agile'],80,4,5,1,1,0,sword,3,,,,,,,
352,65ff23d0,Prophet,Cities of Sigmar: Castelite Hosts,,order,4,3,15,['hero'],95,4,4,2,1,0,club,3,,,,,,,
353,adad5f32,Sergeant at Arms,Cities of Sigmar: Castelite Hosts,,order,4,4,12,"['hero', 'bulwark']",100,4,3,2,1,0,sword,3,,,,,,,
354,d904eb38,Freeguild Command Corps Great Herald,Cities of Sigmar: Castelite Hosts,,order,4,4,15,['icon-bearer'],105,3,4,2,1,0,axe,4,,,,,,,
355,e2b99289,Battlemage,Cities of Sigmar: Castelite Hosts,,order,4,3,18,"['hero', 'mystic']",120,3,4,1,2,0,club,3,2.0,6.0,3.0,7.0,3.0,blast,3.0
356,89ff4d46,Freeguild Command Corps Arch-Knight,Cities of Sigmar: Castelite Hosts,,order,4,4,15,"['hero', 'destroyer']",120,3,4,2,1,0,sword,5,,,,,,,
357,d8bd3ecb,Freeguild Fusilier,Cities of Sigmar: Castelite Hosts,,order,4,5,10,['elite'],120,2,2,1,1,0,dagger,3,2.0,4.0,2.0,15.0,6.0,ranged,4.0
358,d565d395,Alchemite Warforger,Cities of Sigmar: Castelite Hosts,,order,4,4,18,"['hero', 'warrior']",125,3,3,2,1,0,club,3,2.0,6.0,3.0,7.0,3.0,blast,3.0
359,0712ac67,Fusil-Sergeant,Cities of Sigmar: Castelite Hosts,,order,4,5,12,"['hero', 'elite']",140,3,2,1,1,0,dagger,3,2.0,4.0,2.0,15.0,6.0,ranged,4.0
360,67c20f2c,Freeguild Marshal with Duelling Pistols,Cities of Sigmar: Castelite Hosts,,order,4,4,20,"['hero', 'elite']",150,3,3,1,1,0,unarmed,4,3.0,4.0,2.0,7.0,3.0,ranged,4.0
361,68566e40,Freeguild Marshal with Shield,Cities of Sigmar: Castelite Hosts,,order,4,5,20,"['hero', 'bulwark']",155,4,4,2,1,0,sword,4,,,,,,,
362,22452def,Freeguild Marshal with Heirloom Weapon,Cities of Sigmar: Castelite Hosts,,order,4,4,20,"['hero', 'destroyer']",155,3,5,3,1,0,hammer,5,,,,,,,
363,fc246066,Freeguild Cavalier,Cities of Sigmar: Castelite Hosts,,order,9,5,20,['mount'],165,3,4,2,1,0,sword,4,,,,,,,
364,a594cd6b,Freeguild Cavalier Arch-Knight,Cities of Sigmar: Castelite Hosts,,order,9,5,24,"['hero', 'mount']",205,3,5,2,1,0,sword,4,,,,,,,
365,12ae35bc,Fusil-Major on Ogor Warhulk,Cities of Sigmar: Castelite Hosts,,order,4,6,35,"['hero', 'elite', 'bulwark']",245,3,4,3,1,0,club,6,2.0,4.0,2.0,24.0,6.0,ranged,4.0
366,cf0d60d4,Freeguild Cavalier-Marshal,Cities of Sigmar: Castelite Hosts,,order,9,5,26,"['hero', 'mount']",255,4,5,2,1,0,sword,5,,,,,,,
367,234e87ad,Pater Filius,Cities of Sigmar: Castelite Hosts,Brethren of the Bolt,order,4,4,25,['hero'],150,3,3,2,1,0,club,3,1.0,2.0,1.0,7.0,3.0,blast,1.0
368,adf9a5d6,Friar Galvic,Cities of Sigmar: Castelite Hosts,Brethren of the Bolt,order,4,4,18,[],140,4,4,2,1,0,club,4,1.0,2.0,1.0,7.0,3.0,blast,1.0
369,58eca0a9,Soror Tazat,Cities of Sigmar: Castelite Hosts,Brethren of the Bolt,order,4,3,12,[],105,5,3,2,1,0,club,3,1.0,2.0,1.0,7.0,3.0,blast,1.0
370,e9705ef3,Acolyte Arcus,Cities of Sigmar: Castelite Hosts,Brethren of the Bolt,order,4,3,10,[],95,3,3,1,2,0,club,4,1.0,2.0,1.0,7.0,3.0,blast,1.0
371,07be27e9,Scorched Yakob,Cities of Sigmar: Castelite Hosts,Brethren of the Bolt,order,4,3,10,[],85,5,2,1,1,0,club,3,1.0,2.0,1.0,7.0,3.0,blast,1.0
372,6bb3286e,Witch Aelf with Paired Sciansá,Daughters of Khaine,,order,5,3,8,[],65,4,3,1,1,0,dagger,3,,,,,,,
373,1aeda80d,Witch Aelf with Sciansá and Bladed Buckler,Daughters of Khaine,,order,5,4,8,[],65,3,3,1,1,0,dagger,3,,,,,,,
374,421951b6,Sister of Slaughter with Kruiplash and Bladed Buckler,Daughters of Khaine,,order,5,4,8,[],75,3,4,1,2,0,reach,3,,,,,,,
375,68ef8142,Sister of Slaughter with Kruiplash and Sacrificial Knife,Daughters of Khaine,,order,5,3,8,[],80,4,4,1,2,0,reach,3,,,,,,,
376,546a5335,Witch Aelf Hag,Daughters of Khaine,,order,5,3,12,['hero'],95,4,4,1,1,0,dagger,3,,,,,,,
377,0d24141f,Handmaiden,Daughters of Khaine,,order,5,4,12,['hero'],125,4,4,2,2,0,reach,3,,,,,,,
378,8d0b3924,Hag Queen,Daughters of Khaine,,order,5,3,18,"['hero', 'priest']",130,3,4,2,1,0,dagger,4,,,,,,,
379,c63f9100,Doomfire Warlock,Daughters of Khaine,,order,10,3,18,['mount'],140,4,3,1,1,0,sword,3,2.0,3.0,1.0,10.0,3.0,ranged,3.0
380,5c1485b3,Khinerai Heartrender,Daughters of Khaine,,order,12,4,10,"['fly', 'agile']",145,2,4,1,8,0,spear,4,,,,,,,
381,f3d4d037,Khinerai Lifetaker,Daughters of Khaine,,order,12,4,10,"['fly', 'agile']",150,4,4,1,1,0,dagger,3,,,,,,,
382,48b81a14,Blood Sister,Daughters of Khaine,,order,7,4,20,['elite'],155,5,4,1,2,0,spear,3,,,,,,,
383,ee9ea029,Master of Warlocks,Daughters of Khaine,,order,10,3,22,"['hero', 'mount']",160,4,3,1,1,0,sword,3,3.0,3.0,1.0,10.0,3.0,ranged,3.0
384,654f02cd,Slaughter Queen,Daughters of Khaine,,order,5,3,18,"['hero', 'destroyer']",160,5,4,2,1,0,dagger,4,,,,,,,
385,c4c57995,Blood Stalker,Daughters of Khaine,,order,7,4,20,['berserker'],170,2,2,1,1,0,dagger,3,2.0,5.0,1.0,20.0,3.0,ranged,3.0
386,b4768d9e,High Gladiatrix,Daughters of Khaine,,order,5,3,20,"['hero', 'trapper']",195,5,5,2,2,0,reach,4,,,,,,,
387,4e311d0a,Harridynn,Daughters of Khaine,,order,12,4,15,"['fly', 'hero', 'agile']",210,5,4,2,1,0,dagger,3,,,,,,,
388,ee8cbcfe,Shryke,Daughters of Khaine,,order,12,4,15,"['fly', 'hero', 'agile']",220,3,4,2,8,0,spear,4,,,,,,,
389,5d3cc538,Krone,Daughters of Khaine,,order,7,4,25,"['hero', 'berserker']",230,2,2,1,1,0,dagger,3,3.0,5.0,2.0,20.0,3.0,ranged,3.0
390,b9380fcb,Melusai Ironscale,Daughters of Khaine,,order,7,4,28,"['hero', 'elite']",245,5,4,2,2,0,spear,4,2.0,6.0,3.0,7.0,3.0,blast,3.0
391,06594d76,Gorgai,Daughters of Khaine,,order,7,4,25,"['hero', 'elite']",255,6,4,2,2,0,spear,4,,,,,,,
392,be4abc6c,Bloodwrack Medusa,Daughters of Khaine,,order,7,4,35,"['hero', 'mystic']",275,4,5,3,2,0,spear,4,,,,,,,
393,e9358ecb,"Thrialla, the Lash",Daughters of Khaine,Gryselle's Arenai,order,5,4,8,[],80,3,4,1,2,0,reach,3,,,,,,,
394,68866453,Retaria the Entangler,Daughters of Khaine,Gryselle's Arenai,order,5,3,8,[],85,3,4,1,2,0,spear,4,,,,,,,
395,d7131b7f,"Traxyaa, the Aegis",Daughters of Khaine,Gryselle's Arenai,order,5,4,8,[],85,4,4,1,1,0,sword,3,,,,,,,
396,7117ed5b,Kalexis the Silvered Blur,Daughters of Khaine,Gryselle's Arenai,order,5,3,8,[],90,5,4,1,1,0,unarmed,3,,,,,,,
397,338906cf,Gryselle the Slaughterer,Daughters of Khaine,Gryselle's Arenai,order,5,3,20,['hero'],185,5,5,2,1,0,dagger,4,,,,,,,
398,d4914903,Khamyss,Daughters of Khaine,Morgwaeth's Blade-Coven,order,5,4,10,[],80,3,4,1,2,0,ranged,3,,,,,,,
399,40e1047d,Kyrssa,Daughters of Khaine,Morgwaeth's Blade-Coven,order,5,4,10,[],85,4,3,1,1,0,dagger,3,,,,,,,
400,eb20c0a9,Lethyr,Daughters of Khaine,Morgwaeth's Blade-Coven,order,5,4,10,[],85,4,3,1,1,0,dagger,3,,,,,,,
401,d3f2914b,Morgwaeth the Bloodied,Daughters of Khaine,Morgwaeth's Blade-Coven,order,5,3,22,"['hero', 'priest']",150,3,5,2,2,0,spear,4,,,,,,,
402,89294955,Kyrae,Daughters of Khaine,Morgwaeth's Blade-Coven,order,7,4,22,['berserker'],175,2,2,1,1,0,dagger,3,2.0,5.0,1.0,20.0,3.0,ranged,3.0
403,4de7fa87,Sylarc Greyblood,Daughters of Khaine,The Shadeborn,order,6,3,12,['trapper'],100,3,4,2,1,0,sword,4,2.0,3.0,1.0,8.0,0.0,ranged,3.0
404,52f751d2,Valyssa Umbrael,Daughters of Khaine,The Shadeborn,order,6,3,10,[],105,4,5,1,1,0,dagger,3,,,,,,,
405,210817c7,Drusylla Vyserax,Daughters of Khaine,The Shadeborn,order,6,3,10,[],115,4,4,2,2,0,spear,3,,,,,,,
406,de50c997,Slythael Shadestalker,Daughters of Khaine,The Shadeborn,order,6,4,20,['hero'],210,4,5,2,2,0,club,4,,,,,,,
407,8hzd353j,Kaerna Vix,Daughters of Khaine,Knives of the Crone,order,5,3,20,['hero'],120,3,4,1,1,0,dagger,3,,,,,,,
408,wr5c4w3k,"Krieta, Wing of the Crone",Daughters of Khaine,Knives of the Crone,order,6,3,12,['fly'],100,3,4,1,1,0,dagger,3,,,,,,,
409,feum77uq,Tazari,Daughters of Khaine,Knives of the Crone,order,5,3,12,[],85,3,4,1,2,0,spear,3,,,,,,,
410,nti07s8w,"Azphel, the Hag's Eye",Daughters of Khaine,Knives of the Crone,order,5,3,12,[],130,2,3,1,1,0,dagger,3,2.0,4.0,2.0,15.0,3.0,ranged,4.0
411,0fbb85de,Arkanaut Company Privateer with Privateer Pistol and Arkanaut Cutter,Kharadron Overlords,,order,3,3,12,[],60,3,3,1,1,0,axe,3,2.0,3.0,1.0,8.0,0.0,ranged,3.0
412,103c68c3,Arkanaut Company Privateer with Skypike,Kharadron Overlords,,order,3,3,12,[],75,3,5,2,2,0,spear,4,,,,,,,
413,a22be631,Arkanaut Company Privateer with Aethermatic Volley Gun,Kharadron Overlords,,order,3,3,12,[],80,2,3,1,1,0,unarmed,3,3.0,3.0,1.0,15.0,3.0,ranged,3.0
414,eb8ae4f1,Company Captain,Kharadron Overlords,,order,3,3,16,['hero'],90,4,4,2,1,0,axe,3,3.0,3.0,1.0,8.0,0.0,ranged,3.0
415,ad08bb8b,Arkanaut Company Privateer with Light Skyhook,Kharadron Overlords,,order,3,3,12,[],105,2,3,1,1,0,unarmed,3,2.0,5.0,2.0,15.0,3.0,ranged,4.0
416,349aba3b,Grundstok Thunderer with Aethershot Rifle,Kharadron Overlords,,order,3,4,12,['elite'],105,2,3,1,1,0,unarmed,3,2.0,4.0,2.0,15.0,3.0,ranged,4.0
417,60c75c84,Grundstok Thunderer with Decksweeper,Kharadron Overlords,,order,3,4,12,['elite'],105,2,3,1,1,0,unarmed,3,4.0,4.0,1.0,10.0,3.0,ranged,4.0
418,f0608a76,Grundstok Thunderer with Aetheric Fumigator,Kharadron Overlords,,order,3,4,12,['elite'],105,4,4,1,6,0,ranged,5,,,,,,,
419,eced05ff,Grundstok Thunderer with Aethercannon,Kharadron Overlords,,order,3,4,12,['elite'],130,2,3,1,1,0,unarmed,3,1.0,10.0,5.0,10.0,3.0,ranged,5.0
420,1a02e8b8,Aetheric Navigator,Kharadron Overlords,,order,3,4,20,"['hero', 'mystic']",130,3,4,2,1,0,club,4,3.0,4.0,1.0,8.0,0.0,ranged,4.0
421,d16ca6c1,Grundstok Thunderer with Grundstok Mortar,Kharadron Overlords,,order,3,4,12,['elite'],145,2,3,1,1,0,unarmed,3,3.0,6.0,3.0,12.0,6.0,ranged,3.0
422,0f0676da,Endrinmaster with Endrinharness,Kharadron Overlords,,order,3,4,22,"['hero', 'brute']",140,3,5,3,1,0,hammer,5,,,,,,,
423,cdc54cb8,Arkanaut Admiral,Kharadron Overlords,,order,3,4,22,['hero'],155,4,5,3,1,0,hammer,4,3.0,4.0,1.0,8.0,0.0,ranged,4.0
424,e5a59966,Aether-khemist,Kharadron Overlords,,order,3,4,20,"['hero', 'destroyer']",155,3,4,1,1,0,unarmed,3,6.0,3.0,1.0,6.0,0.0,ranged,4.0
425,f3383c50,Gunnery Sergeant,Kharadron Overlords,,order,3,4,16,"['hero', 'elite', 'scout']",165,3,3,1,1,0,unarmed,3,3.0,4.0,2.0,15.0,3.0,ranged,4.0
426,7e8f4932,Endrinrigger with Aethermatic Volley Gun,Kharadron Overlords,,order,10,4,16,['fly'],170,2,3,1,1,0,unarmed,3,3.0,3.0,1.0,15.0,3.0,ranged,3.0
427,0f301ca5,Skywarden with Aethermatic Volley Gun,Kharadron Overlords,,order,10,4,16,"['fly', 'trapper']",175,2,3,1,1,0,unarmed,3,3.0,3.0,1.0,15.0,3.0,ranged,3.0
428,6d96d4da,Skywarden with Vulcaniser Pistol and Skypike,Kharadron Overlords,,order,10,4,16,"['fly', 'trapper']",185,3,5,2,2,0,spear,4,2.0,3.0,1.0,8.0,0.0,ranged,3.0
429,fa7d34f2,Endrinrigger with Grapnel Launcher,Kharadron Overlords,,order,10,4,16,"['fly', 'agile']",190,2,3,1,1,0,unarmed,3,2.0,3.0,1.0,20.0,6.0,ranged,3.0
430,c7591b05,Endrinrigger with Rapid-fire Rivet Gun and Aethermatic Saw,Kharadron Overlords,,order,10,4,16,['fly'],190,3,5,2,1,0,sword,5,2.0,4.0,1.0,8.0,0.0,ranged,4.0
431,9b7abae6,Skywarden with Grapnel Launcher,Kharadron Overlords,,order,10,4,16,"['fly', 'trapper', 'agile']",195,2,3,1,1,0,unarmed,3,2.0,3.0,1.0,20.0,6.0,ranged,3.0
432,74604216,Endrinrigger with Drill Launcher,Kharadron Overlords,,order,10,4,16,['fly'],215,2,3,1,1,0,unarmed,3,2.0,4.0,2.0,20.0,6.0,ranged,5.0
433,f7b036d0,Skywarden with Drill Launcher,Kharadron Overlords,,order,10,4,16,"['fly', 'trapper']",220,2,3,1,1,0,unarmed,3,2.0,4.0,2.0,20.0,6.0,ranged,5.0
434,6dca67c5,Endrinrigger with Skyhook,Kharadron Overlords,,order,10,4,16,['fly'],230,2,3,1,1,0,unarmed,3,2.0,5.0,3.0,20.0,6.0,ranged,4.0
435,75db5d9d,Skywarden with Skyhook,Kharadron Overlords,,order,10,4,16,"['fly', 'trapper']",230,2,3,1,1,0,unarmed,3,2.0,5.0,3.0,20.0,6.0,ranged,4.0
436,c20a5b9b,Custodian,Kharadron Overlords,,order,10,4,20,"['fly', 'hero', 'trapper']",240,4,5,2,2,0,spear,4,2.0,3.0,1.0,8.0,0.0,ranged,3.0
437,768f9dcd,Mizzenmaster,Kharadron Overlords,,order,10,4,20,"['fly', 'hero']",250,4,5,2,1,0,sword,5,2.0,4.0,1.0,8.0,0.0,ranged,4.0
438,73be6480,Endrinmaster with Dirigible Suit,Kharadron Overlords,,order,10,4,25,"['fly', 'hero']",275,4,4,2,1,0,sword,4,2.0,6.0,3.0,12.0,3.0,ranged,5.0
439,bba5121c,Garodd Alensen,Kharadron Overlords,Thundrik's Profiteers,order,3,3,14,[],60,3,3,1,1,0,sword,3,2.0,3.0,1.0,8.0,0.0,ranged,3.0
440,4ef78342,Enrik Ironhail,Kharadron Overlords,Thundrik's Profiteers,order,3,3,14,[],140,2,3,1,1,0,unarmed,3,6.0,3.0,1.0,15.0,3.0,ranged,3.0
441,dde0d2e8,Dead-eye Lund,Kharadron Overlords,Thundrik's Profiteers,order,3,4,14,['elite'],115,2,3,1,1,0,unarmed,3,2.0,4.0,2.0,15.0,3.0,ranged,4.0
442,f49d9de4,Bjorgen Thundrik,Kharadron Overlords,Thundrik's Profiteers,order,3,4,24,"['hero', 'destroyer']",170,3,4,1,1,0,unarmed,3,3.0,5.0,2.0,9.0,3.0,blast,5.0
443,7ce57849,Khazgan Drakkskewer,Kharadron Overlords,Thundrik's Profiteers,order,10,4,18,['fly'],185,3,5,2,2,0,spear,4,2.0,3.0,1.0,8.0,0.0,ranged,3.0
444,311fd049,Codewright,Kharadron Overlords,,order,3,4,16,"['hero', 'icon-bearer']",95,3,3,1,1,0,unarmed,3,2.0,3.0,1.0,8.0,0.0,ranged,3.0
445,ab53faae,Null-Khemist,Kharadron Overlords,,order,10,4,25,"['hero', 'fly', 'champion']",280,3,3,2,1,0,claws,3,6.0,2.0,2.0,8.0,0.0,blast,6.0
446,f1c7be0e,Vongrim Harpoon Crew,Kharadron Overlords,,order,10,3,14,"['fly', 'bulwark']",115,3,3,1,1,0,sword,3,3.0,3.0,1.0,8.0,0.0,ranged,3.0
447,634ea06d,Vongrim Salvager,Kharadron Overlords,,order,10,3,14,"['fly', 'warrior']",120,3,3,2,1,0,sword,3,2.0,3.0,1.0,8.0,0.0,ranged,3.0
448,ad524c22,Pureflood Seneschal with Ydrilan Warglaive,Ydrilan Riverblades,,order,5,4,18,"['elite', 'hero']",195,4,5,2,2,0,spear,5,,,,,,,
449,6e9c2283,Pureflood Seneschal with Master's Blades,Ydrilan Riverblades,,order,5,4,18,"['elite', 'hero']",200,5,4,3,1,0,sword,4,,,,,,,
450,67c44120,Pureflood Seneschal with Ythara Darts,Ydrilan Riverblades,,order,5,4,18,"['elite', 'hero']",200,4,3,2,8,0,ranged,4,,,,,,,
451,b2937bc4,Crestdancer with Twin-spear,Ydrilan Riverblades,,order,5,4,10,['elite'],100,3,4,2,2,0,spear,4,,,,,,,
452,6e2639f6,Crestdancer with Roped Sickle,Ydrilan Riverblades,,order,5,4,10,['elite'],100,4,4,1,3,0,reach,4,,,,,,,
453,3d77dca0,Stream-runner with Crestblades,Ydrilan Riverblades,,order,5,3,8,['agile'],65,4,2,1,1,0,axe,3,,,,,,,
454,217c9ace,Stream-runner with Riversteel Weapons,Ydrilan Riverblades,,order,5,3,8,[],65,3,3,1,1,0,sword,3,,,,,,,
455,w82oy9ke,Twistroot Warden with Spitespear,Twistweald,,order,4,5,12,[],115,4,4,2,2,0,spear,4,,,,,,,
456,yj5dkhz9,Twistroot Revenant with Harvester Blade,Twistweald,,order,4,4,12,['destroyer'],105,4,5,2,1,0,sword,4,,,,,,,
457,t6gzalfu,Twistroot Spite-revenant with Briarlash,Twistweald,,order,4,4,12,"['berserker', 'destroyer']",105,3,3,2,3,0,reach,5,,,,,,,
458,nxy63tdg,Swarmsage,Twistweald,,order,4,4,22,"['berserker', 'hero']",180,4,5,2,3,0,reach,4,2.0,6.0,3.0,7.0,3.0,blast,4.0
459,0mn9hope,Twistroot Warden with Guardian Bow,Twistweald,,order,4,4,12,[],115,2,3,2,1,0,claws,3,4.0,2.0,1.0,15.0,3.0,ranged,4.0
460,olr4u0n9,Twistroot Dryad,Twistweald,,order,5,4,10,['destroyer'],100,4,4,2,1,0,claws,4,,,,,,,
461,0awo336h,Twistroot Warden with Guardian Halberd,Twistweald,,order,4,4,12,[],120,3,4,3,2,0,axe,5,,,,,,,
462,15bedde9,War Hydra,order,,order,6,4,45,"['monster', 'destroyer']",420,4,8,4,2,0,fangs,5,,,,,,,
463,69f4a22a,Kharibdyss,order,,order,6,4,45,"['monster', 'berserker']",425,4,8,4,2,0,fangs,5,,,,,,,
464,bc293e96,"Grombrindal, the White Dwarf",order,,order,3,5,25,"['grombrindal', 'ally', 'hero']",210,4,5,3,1,0,axe,5,1.0,6.0,4.0,8.0,3.0,ranged,5.0
465,5771e4f5,Prosecutor-Prime,Stormcast Eternals Ruination Chamber,,order,10,4,20,"['hero', 'champion', 'fly']",205,4,4,2,1,0,spear,4,2.0,4.0,2.0,12.0,3.0,ranged,4.0
466,dc3af7bb,Prosecutor,Stormcast Eternals Ruination Chamber,,order,10,4,15,"['fly', 'champion']",180,3,4,2,1,0,axe,4,2.0,4.0,2.0,12.0,3.0,spear,4.0
467,149e002e,Reclusian-Prime,Stormcast Eternals Ruination Chamber,,order,4,6,25,"['hero', 'terrifying']",195,4,5,3,1,0,axe,5,,,,,,,
468,614719d2,Reclusian,Stormcast Eternals Ruination Chamber,,order,4,6,20,['terrifying'],160,4,5,3,1,0,axe,4,,,,,,,
469,09eadea6,Lord-Veritant,Stormcast Eternals Ruination Chamber,,order,4,5,20,"['hero', 'mystic']",190,3,4,2,1,0,sword,4,2.0,7.0,3.0,7.0,3.0,blast,4.0
470,7ace3e66,Gryph-Crow,Stormcast Eternals Ruination Chamber,,order,6,3,6,['beast'],60,3,3,1,1,0,claws,3,,,,,,,
471,557afa14,Knight-Azyros,Stormcast Eternals Ruination Chamber,,order,10,5,28,"['hero', 'icon-bearer', 'fly']",255,4,4,2,1,0,sword,4,,,,,,,
472,2dfe9f6e,Lord-Vigilant on Gryph-Stalker,Stormcast Eternals Ruination Chamber,,order,10,5,38,"['hero', 'mount']",280,3,6,3,1,0,axe,4,,,,,,,
473,9683def2,Lord-Terminos,Stormcast Eternals Ruination Chamber,,order,4,5,28,"['hero', 'destroyer']",225,4,6,3,1,0,axe,5,,,,,,,
474,1921c507,Dreadspear,Cities of Sigmar: Darkling Covens,,order,5,4,8,['bulwark'],55,2,4,1,2,0,spear,3,,,,,,,
475,820f3f99,Bleaksword,Cities of Sigmar: Darkling Covens,,order,5,4,8,['bulwark'],55,3,3,1,1,0,sword,3,,,,,,,
476,dd601a1f,Black Ark Corsair with Vicious Blade and Wicked Cutlass,Cities of Sigmar: Darkling Covens,,order,5,3,8,['elite'],60,4,3,1,1,0,sword,3,,,,,,,
477,86380319,Black Ark Corsair with Vicious Blade and Repeater Crossbow,Cities of Sigmar: Darkling Covens,,order,5,3,8,['elite'],65,3,3,1,1,0,sword,3,2.0,2.0,1.0,8.0,0.0,ranged,3.0
478,986b8f6e,Darkshard,Cities of Sigmar: Darkling Covens,,order,5,3,8,['scout'],80,2,2,1,1,0,dagger,3,2.0,3.0,1.0,12.0,3.0,ranged,3.0
479,4be81271,Black Guard,Cities of Sigmar: Darkling Covens,,order,5,4,10,['berserker'],85,3,4,2,2,0,axe,3,,,,,,,
480,45ab5bd5,Executioner,Cities of Sigmar: Darkling Covens,,order,5,4,10,['destroyer'],90,4,4,2,1,0,sword,3,,,,,,,
481,cef76417,Lordling,Cities of Sigmar: Darkling Covens,,order,5,4,12,"['hero', 'bulwark']",95,3,4,2,1,0,sword,3,,,,,,,
482,c1616ad6,Guardmaster,Cities of Sigmar: Darkling Covens,,order,5,3,12,"['hero', 'scout']",100,3,3,1,1,0,dagger,3,3.0,3.0,1.0,12.0,3.0,ranged,3.0
483,45b85990,Black Ark Reaver,Cities of Sigmar: Darkling Covens,,order,5,3,12,"['hero', 'elite']",100,4,4,2,1,0,sword,3,,,,,,,
484,c32ee9c8,Captain of the Black Guard,Cities of Sigmar: Darkling Covens,,order,5,4,15,"['hero', 'berserker']",120,4,4,2,2,0,axe,3,,,,,,,
485,e1ff4687,Sorceress,Cities of Sigmar: Darkling Covens,,order,5,3,18,"['hero', 'mystic']",125,3,4,1,1,0,club,3,2.0,6.0,3.0,7.0,3.0,blast,3.0
486,6b25e07f,Draich Master,Cities of Sigmar: Darkling Covens,,order,5,4,15,"['hero', 'destroyer']",135,4,4,2,1,0,sword,4,,,,,,,
487,f25d7854,Black Ark Fleetmaster,Cities of Sigmar: Darkling Covens,,order,5,3,18,"['hero', 'elite']",135,4,4,2,1,0,sword,4,,,,,,,
488,40d6d734,Dark Rider,Cities of Sigmar: Darkling Covens,,order,10,4,18,"['agile', 'mount']",150,4,4,1,2,0,spear,3,2.0,3.0,1.0,12.0,3.0,ranged,3.0
489,0575da5a,Drakespawn Knight,Cities of Sigmar: Darkling Covens,,order,8,5,20,"['frenzied', 'mount']",165,4,4,2,2,0,spear,3,,,,,,,
490,db14c72d,Assassin,Cities of Sigmar: Darkling Covens,,order,6,3,18,['hero'],165,5,4,2,1,0,dagger,4,,,,,,,
491,72d65c5c,Dark Rider Herald,Cities of Sigmar: Darkling Covens,,order,10,4,22,"['hero', 'scout', 'mount']",180,4,4,2,1,0,axe,3,3.0,3.0,1.0,12.0,3.0,ranged,3.0
492,a194a160,Dread Knight,Cities of Sigmar: Darkling Covens,,order,8,5,25,"['hero', 'frenzied', 'mount']",200,5,4,2,1,0,sword,3,,,,,,,
493,5597b674,Aetherwing,Stormcast Eternals Vanguard Auxiliary Chamber,,order,12,2,6,"['fly', 'scout']",115,3,2,1,1,0,claws,2,,,,,,,
494,871dd186,Gryph-Hound,Stormcast Eternals Vanguard Auxiliary Chamber,,order,6,4,12,['beast'],115,4,4,1,1,0,claws,4,,,,,,,
495,17a5c7c3,Vanguard-Hunter,Stormcast Eternals Vanguard Auxiliary Chamber,,order,5,5,20,[],145,3,4,2,1,0,axe,4,3.0,4.0,1.0,10.0,0.0,ranged,4.0
496,798d79b7,Hunter-Prime,Stormcast Eternals Vanguard Auxiliary Chamber,,order,5,5,25,['hero'],185,4,4,2,1,0,axe,4,3.0,4.0,1.0,10.0,0.0,ranged,4.0
497,2ebb6f4b,Vanguard-Raptor with Longstrike Crossbow,Stormcast Eternals Vanguard Auxiliary Chamber,,order,4,5,20,['elite'],195,3,4,1,1,0,unarmed,4,1.0,10.0,4.0,20.0,6.0,ranged,5.0
498,05435287,Knight-Zephyros,Stormcast Eternals Vanguard Auxiliary Chamber,,order,5,5,28,"['hero', 'frenzied']",200,4,4,2,1,0,axe,4,3.0,4.0,1.0,10.0,0.0,ranged,4.0
499,d914df34,Vanguard-Raptor with Hurricane Crossbow,Stormcast Eternals Vanguard Auxiliary Chamber,,order,4,5,20,['bulwark'],210,3,4,1,1,0,unarmed,4,3.0,6.0,2.0,15.0,3.0,ranged,4.0
500,adcb1309,Vanguard Pallador with Starstrike Javelin,Stormcast Eternals Vanguard Auxiliary Chamber,,order,10,5,28,['mount'],220,3,5,2,2,0,axe,4,3.0,4.0,1.0,10.0,0.0,ranged,4.0
501,34d64078,Raptor-Prime with Longstrike Bow,Stormcast Eternals Vanguard Auxiliary Chamber,,order,4,5,25,"['hero', 'elite', 'scout']",230,3,4,1,1,0,unarmed,4,1.0,10.0,4.0,20.0,6.0,ranged,5.0
502,4bd11d2b,Vanguard Pallador with Shock Hand-Axe,Stormcast Eternals Vanguard Auxiliary Chamber,,order,10,5,28,['mount'],230,4,4,2,1,0,axe,4,3.0,4.0,1.0,10.0,0.0,ranged,4.0
503,ca6d418d,Raptor-Prime with Hurricane Crossbow,Stormcast Eternals Vanguard Auxiliary Chamber,,order,4,5,25,"['hero', 'bulwark']",245,3,4,1,1,0,unarmed,4,3.0,6.0,2.0,15.0,3.0,ranged,4.0
504,15417f0c,Knight-Azyros,Stormcast Eternals Vanguard Auxiliary Chamber,,order,10,5,28,"['fly', 'hero', 'berserker']",260,4,4,2,1,0,sword,4,,,,,,,
505,3b0ff9ab,Pallador-Prime with Starstrike Javelin,Stormcast Eternals Vanguard Auxiliary Chamber,,order,10,5,32,"['hero', 'mount']",280,4,5,2,2,0,axe,4,3.0,4.0,1.0,10.0,0.0,ranged,4.0
506,6f53fe73,Pallador-Prime with Shock Hand-axe,Stormcast Eternals Vanguard Auxiliary Chamber,,order,10,5,32,"['hero', 'mount']",285,5,4,2,1,0,axe,4,3.0,4.0,1.0,10.0,0.0,ranged,4.0
507,5fc20860,Lord-Aquilor,Stormcast Eternals Vanguard Auxiliary Chamber,,order,10,5,38,"['hero', 'mount']",310,4,5,2,1,0,sword,5,3.0,4.0,1.0,10.0,0.0,ranged,4.0
508,91a6fdeb,Knight-Venator,Stormcast Eternals Vanguard Auxiliary Chamber,,order,10,5,28,"['hero', 'trapper', 'fly']",325,3,4,1,1,0,unarmed,4,3.0,6.0,2.0,20.0,3.0,ranged,4.0
509,3e007a24,Almeric Eagle-eye,Stormcast Eternals Vanguard Auxiliary Chamber,The Farstriders,order,4,5,22,[],135,4,4,2,1,0,axe,4,3.0,4.0,1.0,8.0,0.0,ranged,4.0
510,34d09ed8,Elias Swiftblade,Stormcast Eternals Vanguard Auxiliary Chamber,The Farstriders,order,4,5,22,[],135,4,4,2,1,0,sword,4,3.0,4.0,1.0,8.0,0.0,ranged,4.0
511,0pnm5n5z,Ardorn Flamerunner,Stormcast Eternals Vanguard Auxiliary Chamber,The Emberwatch,order,4,5,25,['hero'],190,4,4,2,1,0,axe,4,3.0,4.0,1.0,10.0,0.0,ranged,4.0
512,fb8xgmfx,Farasa Twice-Risen,Stormcast Eternals Vanguard Auxiliary Chamber,The Emberwatch,order,4,5,22,['champion'],155,5,3,2,1,0,sword,4,3.0,4.0,1.0,10.0,0.0,ranged,4.0
513,q6lx5d3i,Yurik Velzaine,Stormcast Eternals Vanguard Auxiliary Chamber,The Emberwatch,order,4,5,20,['destroyer'],190,3,4,2,1,0,sword,4,2.0,4.0,2.0,24.0,6.0,ranged,4.0
514,68ddfc6b,Sanson Farstrider,Stormcast Eternals Vanguard Auxiliary Chamber,The Farstriders,order,4,5,30,"['hero', 'warrior']",170,4,4,2,1,0,axe,4,3.0,4.0,1.0,8.0,0.0,ranged,4.0
515,7843829e,Gryph-Hound,Stormcast Eternals Thunderstrike Stormcast,,order,6,4,12,['beast'],115,4,4,1,1,0,claws,4,,,,,,,
516,4a0c43b8,Annihilator with Meteoric Hammer,Stormcast Eternals Thunderstrike Stormcast,,order,3,7,20,['brute'],140,3,5,3,1,0,hammer,5,,,,,,,
517,ea2ed0a3,Vindictor,Stormcast Eternals Thunderstrike Stormcast,,order,4,6,20,[],135,3,5,2,2,0,spear,4,,,,,,,
518,c3228aef,Vanquisher,Stormcast Eternals Thunderstrike Stormcast,,order,4,5,20,['frenzied'],140,4,4,2,1,0,sword,4,,,,,,,
519,349b9eb3,Annihilator with Grandhammer,Stormcast Eternals Thunderstrike Stormcast,,order,3,6,20,['brute'],155,3,5,3,2,0,hammer,6,,,,,,,
520,48186a41,Praetor,Stormcast Eternals Thunderstrike Stormcast,,order,4,5,22,['elite'],160,3,5,2,2,0,axe,5,,,,,,,
521,cc438629,Vigilor,Stormcast Eternals Thunderstrike Stormcast,,order,5,5,20,['scout'],165,3,4,1,1,0,dagger,4,2.0,4.0,2.0,15.0,3.0,ranged,4.0
522,126a9d19,Knight-Vexillor with Banner of Apotheosis,Stormcast Eternals Thunderstrike Stormcast,,order,4,5,28,"['hero', 'icon-bearer']",170,3,4,2,1,0,sword,4,,,,,,,
523,4cdafcfe,Vindictor-Prime,Stormcast Eternals Thunderstrike Stormcast,,order,4,6,25,['hero'],170,3,5,2,2,0,spear,4,,,,,,,
524,a48e97aa,Annihilator-Prime with Meteoric Hammer,Stormcast Eternals Thunderstrike Stormcast,,order,3,7,25,"['hero', 'brute']",190,4,5,3,1,0,hammer,5,,,,,,,
525,8927d3fc,Knight-Relictor,Stormcast Eternals Thunderstrike Stormcast,,order,4,5,28,"['hero', 'priest']",180,4,4,2,1,0,mace,4,,,,,,,
526,7d71d138,Vanquisher-Prime,Stormcast Eternals Thunderstrike Stormcast,,order,4,5,25,"['hero', 'frenzied']",185,5,4,2,1,0,sword,4,,,,,,,
527,c7c22bd7,Annihilator-Prime with Grandhammer,Stormcast Eternals Thunderstrike Stormcast,,order,3,6,25,"['hero', 'brute']",200,4,5,3,2,0,hammer,6,,,,,,,
528,040095bd,Knight-Arcanum,Stormcast Eternals Thunderstrike Stormcast,,order,4,5,28,"['hero', 'mystic']",205,3,4,2,2,0,mace,4,2.0,6.0,3.0,7.0,3.0,blast,4.0
529,ff065216,Praetor-Prime,Stormcast Eternals Thunderstrike Stormcast,,order,4,5,28,"['hero', 'elite']",215,4,5,2,2,0,axe,5,,,,,,,
530,d2296895,Vigilor-Prime,Stormcast Eternals Thunderstrike Stormcast,,order,5,5,25,"['hero', 'scout']",225,3,4,1,1,0,dagger,4,3.0,4.0,2.0,15.0,3.0,ranged,4.0
531,d4b27dc2,Knight-Judicator,Stormcast Eternals Thunderstrike Stormcast,,order,4,5,28,"['hero', 'trapper']",235,3,4,2,1,0,sword,4,1.0,10.0,4.0,20.0,6.0,ranged,5.0
532,f3fb309d,Lord-Imperatant,Stormcast Eternals Thunderstrike Stormcast,,order,4,5,30,"['hero', 'champion']",240,4,5,2,1,0,hammer,4,4.0,4.0,1.0,15.0,3.0,ranged,4.0
533,2ed0ed36,"Sarpon, the Cyclone",Stormcast Eternals Thunderstrike Stormcast,Domitan's Stormcoven,order,4,5,28,"['hero', 'destroyer']",195,4,4,2,2,0,club,4,2.0,6.0,3.0,7.0,3.0,blast,4.0
534,ac8f1a28,"Domitan, Eye of the Storm",Stormcast Eternals Thunderstrike Stormcast,Domitan's Stormcoven,order,4,5,30,"['hero', 'bulwark']",200,3,4,2,2,0,club,4,2.0,6.0,3.0,7.0,3.0,blast,4.0
535,ed6a5c53,Leona Stratosi,Stormcast Eternals Thunderstrike Stormcast,Domitan's Stormcoven,order,4,5,28,"['hero', 'agile']",200,3,4,2,2,0,club,4,2.0,7.0,3.0,7.0,3.0,blast,4.0
536,b0072259,Taros,Stormcast Eternals Thunderstrike Stormcast,Xandire's Truthseekers,order,12,2,6,"['beast', 'fly']",115,3,2,1,1,0,claws,2,,,,,,,
537,c7577876,Dhoraz Giant-fell,Stormcast Eternals Thunderstrike Stormcast,Xandire's Truthseekers,order,4,5,22,['brute'],165,3,5,3,1,0,mace,5,,,,,,,
538,8fb133cc,Luxa Stormrider,Stormcast Eternals Thunderstrike Stormcast,Xandire's Truthseekers,order,5,5,20,['scout'],170,3,4,1,1,0,unarmed,4,2.0,4.0,2.0,15.0,3.0,ranged,4.0
539,216ac865,Calthia Xandire,Stormcast Eternals Thunderstrike Stormcast,Xandire's Truthseekers,order,5,5,25,"['hero', 'champion']",210,5,4,2,1,0,sword,4,,,,,,,
540,b1186552,Knight-Questor,Stormcast Eternals Thunderstrike Stormcast,,order,4,5,25,"['hero', 'ferocious']",175,4,5,2,1,0,sword,4,,,,,,,
541,3879ad50,Liberator-Prime With Dual Sigmarite Weapons,Stormcast Eternals Thunderstrike Stormcast,,order,4,5,25,"['hero', 'warrior']",185,5,4,2,1,0,hammer,4,,,,,,,
542,a046509d,Liberator-Prime With Sigmarite Weapon and Shield,Stormcast Eternals Thunderstrike Stormcast,,order,4,6,25,"['hero', 'warrior']",195,5,4,2,1,0,hammer,4,,,,,,,
543,dceff888,Liberator With Dual Sigmarite Weapons,Stormcast Eternals Thunderstrike Stormcast,,order,4,5,20,['warrior'],140,4,4,2,1,0,hammer,4,,,,,,,
544,9002c62d,Liberator With Sigmarite Weapon and Shield,Stormcast Eternals Thunderstrike Stormcast,,order,4,6,20,['warrior'],150,4,4,2,1,0,hammer,4,,,,,,,
545,2134ed36,Liberator With Grandhammer,Stormcast Eternals Thunderstrike Stormcast,,order,4,5,20,['warrior'],150,3,4,3,1,0,hammer,5,,,,,,,
546,ce47b2b5,Numara Falconis,Stormcast Eternals Thunderstrike Stormcast,Gladitorium,order,4,5,25,"['hero', 'scout']",230,3,4,1,1,0,sword,4,3.0,4.0,2.0,15.0,3.0,ranged,4.0
547,8710587d,Goltan the Relentless,Stormcast Eternals Thunderstrike Stormcast,Gladitorium,order,3,7,25,"['hero', 'brute']",195,4,5,3,1,0,club,5,,,,,,,
548,f7ab94fd,Tenya Thrice-trusted,Stormcast Eternals Thunderstrike Stormcast,Gladitorium,order,4,5,28,"['hero', 'elite']",220,4,5,2,2,0,axe,5,,,,,,,
549,ef88c4d8,Valantin Harvestblade,Stormcast Eternals Thunderstrike Stormcast,Gladitorium,order,4,5,25,"['hero', 'frenzied']",195,5,4,2,1,0,sword,4,,,,,,,
550,2c764979,Printis Verna,Stormcast Eternals Thunderstrike Stormcast,Gladitorium,order,4,6,25,"['hero', 'warrior']",175,3,5,2,2,0,spear,4,,,,,,,
551,c8c77626,Axactus Krane,Stormcast Eternals Thunderstrike Stormcast,Gladitorium,order,4,5,28,"['hero', 'mystic']",210,3,4,2,2,0,club,4,2.0,6.0,3.0,7.0,3.0,blast,4.0
552,9067fb3e,Zhea Galdara,Stormcast Eternals Thunderstrike Stormcast,Gladitorium,order,4,6,25,"['hero', 'bulwark']",175,4,4,2,1,0,club,4,,,,,,,
553,3f5c817c,Stormstrike Pallador-Prime,Stormcast Eternals Thunderstrike Stormcast,,order,8,6,30,"['hero', 'mount']",245,4,4,2,1,0,sword,4,,,,,,,
554,7a3dcfca,Stormstrike Pallador,Stormcast Eternals Thunderstrike Stormcast,,order,8,6,28,['mount'],195,3,4,2,1,0,sword,4,,,,,,,
555,df9fe661,Scalebreaker with Fyresteel Splitaxe,Vulkyn Flameseekers,,order,3,4,12,['elite'],95,3,4,2,2,0,axe,5,2.0,3.0,1.0,8.0,0.0,ranged,4.0
556,e00e73d1,Scalebreaker with Bokaz,Vulkyn Flameseekers,,order,3,4,12,['elite'],95,3,5,2,2,0,spear,4,2.0,3.0,1.0,8.0,0.0,ranged,4.0
557,56748d38,Kyndledroth,Vulkyn Flameseekers,,order,4,4,10,['beast'],95,4,3,2,1,0,claws,4,1.0,4.0,2.0,8.0,0.0,blast,6.0
558,8770f3ac,Drothmaster,Vulkyn Flameseekers,,order,3,4,20,"['elite', 'destroyer']",125,3,4,2,3,0,reach,4,2.0,3.0,1.0,8.0,0.0,ranged,4.0
559,22956036,Drothblood Thane,Vulkyn Flameseekers,,order,3,5,20,"['elite', 'berserker']",140,5,4,2,1,0,axe,4,2.0,3.0,1.0,8.0,0.0,ranged,4.0
560,64ee2181,Vulkyn Runefather with Drothvault Greataxe,Vulkyn Flameseekers,,order,3,5,22,"['hero', 'elite']",150,4,4,2,2,0,axe,4,2.0,3.0,1.0,8.0,0.0,ranged,4.0
561,a9d356ed,Vulkyn Runefather with Mastercrafted Bokaz,Vulkyn Flameseekers,,order,3,5,22,"['hero', 'elite']",150,3,5,2,2,0,spear,5,2.0,3.0,1.0,8.0,0.0,ranged,4.0
562,a9714107,Skink with Moonstone Club and Star-buckler,Seraphon,,order,6,3,8,['minion'],65,3,3,1,1,0,club,2,,,,,,,
563,36d26aad,Skink Handler,Seraphon,,order,6,2,8,"['minion', 'trapper']",65,2,4,1,2,0,club,2,,,,,,,
564,92d950bd,Skink with Boltspitter and Moonstone Club,Seraphon,,order,6,2,8,['minion'],75,3,3,1,1,0,club,2,2.0,2.0,1.0,8.0,0.0,ranged,1.0
565,1e674f31,Skink with Meteoric Javelin and Star-buckler,Seraphon,,order,6,3,8,['minion'],80,3,3,1,1,0,spear,2,1.0,4.0,1.0,8.0,0.0,ranged,3.0
566,f240ce35,Saurus Warrior with Celestite Club,Seraphon,,order,4,4,12,['warrior'],85,4,3,1,1,0,club,4,,,,,,,
567,c7032f04,Saurus Warrior with Celestite Spear,Seraphon,,order,4,4,12,['warrior'],90,3,4,1,2,0,spear,4,,,,,,,
568,fe03cd8f,Skink Alpha with Moonstone Club and Star-buckler,Seraphon,,order,6,3,12,"['hero', 'minion']",100,4,3,1,1,0,club,3,,,,,,,
569,a08a58ef,Skink Alpha with Boltspitter and Moonstone Club,Seraphon,,order,6,2,12,"['hero', 'minion']",105,4,3,1,1,0,club,3,2.0,2.0,1.0,8.0,0.0,ranged,1.0
570,fde45ce6,Saurus Guard,Seraphon,,order,4,5,15,['warrior'],120,3,4,2,2,0,club,4,,,,,,,
571,27112a0a,Skink Priest,Seraphon,,order,6,3,18,"['hero', 'minion', 'priest']",130,3,3,1,2,0,club,3,2.0,5.0,2.0,7.0,3.0,blast,3.0
572,f147c1ba,Salamander,Seraphon,,order,6,3,16,['beast'],135,2,6,3,7,0,blast,4,,,,,,,
573,eeab8259,Saurus Warrior Alpha,Seraphon,,order,4,4,16,"['hero', 'warrior']",135,4,4,2,1,0,club,4,,,,,,,
574,63234b3a,Razordon,Seraphon,,order,6,4,16,['beast'],145,5,3,1,12,0,blast,3,,,,,,,
575,a4d524f1,Aggradon Lancer Alpha with Celestite Club,Seraphon,,order,8,4,25,"['hero', 'warrior', 'mount']",245,4,4,3,1,0,club,4,,,,,,,
576,85f572ca,Aggradon Lancer Alpha with Celestite Spear,Seraphon,,order,8,4,25,"['hero', 'warrior', 'mount']",235,4,5,2,2,0,spear,4,,,,,,,
577,eb7ea713,Raptadon Hunter Alpha,Seraphon,,order,10,2,14,"['hero', 'minion', 'mount']",140,3,3,1,2,0,spear,2,2.0,3.0,1.0,8.0,3.0,ranged,3.0
578,d52aba81,Raptadon Charger Alpha,Seraphon,,order,10,2,14,"['hero', 'minion', 'mount']",135,4,3,1,1,0,mace,3,,,,,,,
579,ebfc0cf2,Saurus Scar-Veteran on Aggradon,Seraphon,,order,8,4,30,"['hero', 'warrior', 'mount']",295,4,5,3,1,0,spear,5,,,,,,,
580,26043eca,Aggradon Lancer with Celestite Club,Seraphon,,order,8,4,20,"['warrior', 'mount']",185,3,4,3,1,0,club,4,,,,,,,
581,9f1e68b5,Aggradon Lancer with Celestite Spear,Seraphon,,order,8,4,20,"['warrior', 'mount']",180,3,5,2,2,0,spear,4,,,,,,,
582,1545eb4d,Raptadon Charger,Seraphon,,order,10,2,12,"['minion', 'mount']",110,3,3,1,1,0,mace,3,,,,,,,
583,5b66f32a,Raptadon Hunter,Seraphon,,order,10,2,12,"['minion', 'mount']",120,3,3,1,2,0,spear,2,2.0,3.0,1.0,8.0,3.0,ranged,3.0
584,ddbd41e4,Spawn of Chotec,Seraphon,,order,6,4,18,['beast'],130,2,4,2,1,0,fangs,4,2.0,3.0,2.0,7.0,3.0,blast,5.0
585,9bc16a41,Kroxigor,Seraphon,,order,4,5,28,"['warrior', 'brute']",200,2,8,4,2,0,mace,6,,,,,,,
586,c95ad268,Kroxigor Warspawned,Seraphon,,order,4,5,28,"['warrior', 'sentience']",205,3,6,3,2,0,mace,5,,,,,,,
587,97071a01,Skink Starpriest,Seraphon,,order,6,3,18,"['hero', 'minion', 'priest']",145,3,4,1,2,0,club,3,2.0,6.0,3.0,7.0,3.0,blast,3.0
588,6c790e4b,Saurus Astrolith Bearer,Seraphon,,order,4,4,25,"['hero', 'warrior', 'icon-bearer']",155,3,4,2,1,0,axe,4,,,,,,,
589,63066e2a,Saurus Knight with Celestite Blade,Seraphon,,order,6,4,20,"['warrior', 'mount']",160,4,3,2,1,0,club,4,,,,,,,
590,6da35a11,Saurus Knight with Celestite Warspear,Seraphon,,order,6,4,20,"['warrior', 'mount']",165,4,4,2,2,0,spear,4,,,,,,,
591,a17f32e9,Ripperdactyl Rider,Seraphon,,order,10,4,15,"['fly', 'destroyer']",170,3,4,2,1,0,fangs,4,,,,,,,
592,73828e4c,Terradon Rider with Sunleech Bolas,Seraphon,,order,12,3,15,"['fly', 'frenzied']",170,3,4,2,1,0,fangs,4,3.0,4.0,1.0,3.0,0.0,reach,2.0
593,ad0c18b7,Terradon Rider with Starstrike Javelin,Seraphon,,order,12,3,15,"['fly', 'frenzied']",170,3,4,2,1,0,fangs,4,1.0,4.0,1.0,8.0,0.0,spear,3.0
594,0786e4e6,Saurus Guard Alpha,Seraphon,,order,4,5,20,"['hero', 'warrior']",175,4,5,2,2,0,club,4,,,,,,,
595,cfdb15bd,Saurus Oldblood,Seraphon,,order,4,5,25,"['hero', 'warrior']",175,4,4,2,1,0,club,4,,,,,,,
596,60ee60c9,Saurus Sunblood,Seraphon,,order,4,5,25,"['hero', 'warrior']",180,4,5,2,1,0,club,4,,,,,,,
597,d25dc24f,Skink Starseer,Seraphon,,order,4,3,20,"['fly', 'hero', 'priest']",180,2,6,3,12,0,blast,4,,,,,,,
598,ba3c9ea2,Saurus Eternity Warden,Seraphon,,order,4,4,28,"['hero', 'warrior']",190,3,6,3,1,0,mace,5,,,,,,,
599,32683094,Saurus Knight Alpha,Seraphon,,order,6,4,25,"['hero', 'warrior', 'mount']",195,4,5,2,1,0,club,4,,,,,,,
600,eacd821f,Terradon Rider Alpha with Starstrike Javelin,Seraphon,,order,12,3,20,"['fly', 'hero', 'frenzied']",195,3,4,2,1,0,spear,4,2.0,4.0,1.0,8.0,0.0,ranged,3.0
601,ab0f3a47,Terradon Rider Alpha with Sunleech Bolas,Seraphon,,order,12,3,20,"['fly', 'hero', 'frenzied']",200,3,4,2,1,0,reach,4,4.0,4.0,1.0,3.0,0.0,ranged,3.0
602,8c2e4bbc,Saurus Scar-Veteran on Cold One,Seraphon,,order,7,5,28,"['hero', 'warrior', 'mount']",215,4,4,2,1,0,axe,4,,,,,,,
603,bc5abb52,Ripperdactyl Rider Alpha,Seraphon,,order,10,4,20,"['hero', 'fly', 'destroyer']",220,4,4,2,1,0,fangs,4,,,,,,,
604,e86b81b0,Terradon Chief,Seraphon,,order,12,3,25,"['fly', 'hero', 'agile']",230,4,4,2,1,0,sword,4,,,,,,,
605,6bd9512b,Ripperdactyl Chief,Seraphon,,order,10,4,25,"['fly', 'hero', 'destroyer']",235,4,4,2,1,0,axe,4,,,,,,,
606,74f71987,Slann Starmaster,Seraphon,,order,4,4,32,"['fly', 'hero', 'mystic']",265,3,6,3,12,0,blast,4,,,,,,,
607,add3b00a,Xepic,Seraphon,The Starblood Stalkers,order,6,3,10,['minion'],75,3,3,1,1,0,club,3,,,,,,,
608,b8021dae,Otapatl,Seraphon,The Starblood Stalkers,order,6,2,10,"['minion', 'scout']",80,2,2,1,1,0,unarmed,3,2.0,5.0,1.0,12.0,0.0,ranged,3.0
609,a0be7ffd,Tok,Seraphon,The Starblood Stalkers,order,6,2,10,['minion'],80,3,3,1,1,0,club,3,2.0,4.0,1.0,12.0,0.0,ranged,3.0
610,d7ee917f,Huachi,Seraphon,The Starblood Stalkers,order,6,3,10,['minion'],95,3,3,1,1,0,dagger,3,1.0,4.0,1.0,8.0,0.0,spear,3.0
611,76ecea40,"Kixi-Taka, The Diviner",Seraphon,The Starblood Stalkers,order,6,3,18,"['hero', 'minion']",130,3,4,1,2,0,club,3,2.0,6.0,3.0,7.0,3.0,blast,3.0
612,1e35ab7c,Klaq-Trok,Seraphon,The Starblood Stalkers,order,4,5,28,['warrior'],175,4,4,2,1,0,club,4,,,,,,,
613,ffguvt5r,"Kro-Jax, the Aegis",Seraphon,Jaws of Itzl,order,4,5,30,"['hero', 'warrior']",240,4,5,3,1,0,club,5,,,,,,,
614,bolny32m,So-Kar,Seraphon,Jaws of Itzl,order,4,4,16,"['bulwark', 'warrior']",140,4,4,2,1,0,sword,4,,,,,,,
615,f72cfa5c,"Ro-Tak, the Guardian",Seraphon,Jaws of Itzl,order,4,4,16,"['bulwark', 'warrior']",150,4,4,2,2,0,spear,4,,,,,,,
616,4dec3bd0,Trailhound,Wildercorps Hunters,,order,6,3,6,['beast'],60,2,3,2,1,0,fangs,3,,,,,,,
617,fcab23e7,Wildercorps Scout with Hunting Crossbow,Wildercorps Hunters,,order,4,3,10,['warrior'],75,2,3,1,1,0,axe,3,2.0,3.0,1.0,15.0,3.0,ranged,3.0
618,32d49466,Wildercorps Scout with Paired Hatchets,Wildercorps Hunters,,order,4,3,10,['warrior'],75,4,3,1,1,0,axe,3,2.0,3.0,1.0,8.0,0.0,axe,3.0
619,1e46811e,Trailblazer with Duelling Sabre,Wildercorps Hunters,,order,4,3,12,"['trapper', 'warrior']",90,4,4,2,1,0,sword,3,2.0,3.0,1.0,8.0,0.0,ranged,3.0
620,c07e5e4d,Trailblazer with Twin Crossbows,Wildercorps Hunters,,order,4,3,12,"['trapper', 'warrior']",100,4,3,1,8,0,ranged,3,,,,,,,
621,e8f540bc,Wildercorps Leatherhide with Troggslayer Spear,Wildercorps Hunters,,order,4,3,12,"['champion', 'warrior']",100,3,4,2,2,0,spear,4,,,,,,,
622,93a3a07a,Wildercorps Leatherhide with Hunting Crossbow,Wildercorps Hunters,,order,4,3,12,"['champion', 'warrior']",100,2,3,1,1,0,axe,3,2.0,3.0,1.0,15.0,3.0,ranged,3.0
623,2359254e,Wildercorps Warden with Double-bitted Axe,Wildercorps Hunters,,order,4,3,20,"['hero', 'champion', 'warrior']",115,3,4,2,1,0,axe,4,,,,,,,
624,605b1c5c,Wildercorps Warden with Grizzled Trailhound,Wildercorps Hunters,,order,4,3,20,"['hero', 'sentience', 'warrior']",115,4,3,2,1,0,fangs,3,,,,,,,
625,bde180a8,Wildercorps Warden with Hunting Crossbow,Wildercorps Hunters,,order,4,3,20,"['hero', 'champion', 'warrior']",120,2,3,2,1,0,fangs,3,2.0,3.0,1.0,15.0,3.0,ranged,3.0
626,8cb98abe,Arbalester,Wildercorps Hunters,,order,3,3,12,['warrior'],175,2,2,1,1,0,dagger,3,2.0,8.0,4.0,20.0,6.0,ranged,4.0
627,1d0c5423,Grotbiter,Order of Azyr,Hexbane's Hunters,order,6,3,6,['beast'],55,2,3,2,1,0,fangs,3,,,,,,,
628,84a2c1df,Ratspike,Order of Azyr,Hexbane's Hunters,order,6,3,6,['beast'],55,2,3,2,1,0,fangs,3,,,,,,,
629,93db72a2,Brydget Axwold,Order of Azyr,Hexbane's Hunters,order,4,3,10,['warrior'],95,3,3,2,1,0,axe,3,2.0,3.0,2.0,6.0,0.0,ranged,5.0
630,23ee45b1,Aemos Duncarrow,Order of Azyr,Hexbane's Hunters,order,4,4,15,['warrior'],105,3,4,2,1,0,axe,5,,,,,,,
631,210e343f,Haskel Hexbane,Order of Azyr,Hexbane's Hunters,order,4,4,20,"['hero', 'warrior']",125,4,4,2,1,0,club,3,3.0,3.0,1.0,8.0,0.0,ranged,4.0
632,5a274449,Quiet Pock,Order of Azyr,Hexbane's Hunters,order,4,4,10,"['brute', 'warrior']",150,2,3,1,1,0,club,3,2.0,6.0,3.0,15.0,3.0,ranged,4.0
633,e3fdafae,Hanniver Toll,Order of Azyr,Saviours of Cinderfall,order,4,3,20,"['hero', 'agile', 'warrior']",125,4,5,2,1,0,sword,3,3.0,3.0,1.0,8.0,0.0,ranged,4.0
634,b77deaf5,Armand Callis,Order of Azyr,Saviours of Cinderfall,order,4,4,18,"['scout', 'warrior']",130,2,3,2,1,0,sword,4,3.0,3.0,2.0,8.0,0.0,ranged,4.0
635,621649f9,"Valius, The Keeper Aqshian",Order of Azyr,Saviours of Cinderfall,order,4,6,30,"['bulwark', 'warrior']",220,4,5,3,1,0,sword,5,,,,,,,
636,2a55d1ea,Mistress Verentia,Order of Azyr,Saviours of Cinderfall,order,4,3,15,['terrifying'],100,3,4,2,1,0,sword,3,1.0,6.0,3.0,8.0,0.0,ranged,4.0
637,636f0302,Lyssa Revenya,Order of Azyr,Saviours of Cinderfall,order,4,3,15,"['trapper', 'fly']",75,2,3,1,3,0,reach,3,,,,,,,
638,36e88245,Balthus,Order of Azyr,Saviours of Cinderfall,order,6,4,8,['beast'],95,4,4,1,1,0,claws,4,,,,,,,
639,w1g4hyns,Galen ven Denst,Order of Azyr,,order,4,4,20,"['hero', 'berserker', 'warrior']",135,3,4,2,1,0,sword,4,3.0,3.0,1.0,8.0,0.0,ranged,4.0
640,cbd5wva2,Doralia ven Denst,Order of Azyr,,order,4,4,18,"['hero', 'frenzied', 'warrior']",125,2,4,2,1,0,sword,4,2.0,4.0,1.0,15.0,3.0,ranged,4.0
641,47yxu2hf,Jelsen Darrock,Order of Azyr,,order,4,4,20,"['hero', 'destroyer', 'warrior']",185,3,4,2,1,0,sword,5,2.0,4.0,2.0,20.0,6.0,ranged,4.0
642,f4bd295d,Chameleon Skink with Dartpipe,Hunters of Huanchi,,order,6,2,8,['agile'],60,2,2,1,6,0,ranged,1,,,,,,,
643,6b3bb614,Chameleon Skink with Moonstone Club,Hunters of Huanchi,,order,6,3,8,"['agile', 'trapper']",65,3,3,1,1,0,club,3,,,,,,,
644,32e09a29,Chameleon Skink Hornblower with Moonstone Club,Hunters of Huanchi,,order,6,2,8,"['agile', 'scout']",65,3,3,1,1,0,club,3,,,,,,,
645,0d66ab78,Chameleon Skink Hornblower with Dartpipe,Hunters of Huanchi,,order,6,2,8,"['agile', 'scout']",65,2,2,1,6,0,ranged,1,,,,,,,
646,e69ae498,Huanchi's Claw,Hunters of Huanchi,,order,6,3,10,"['agile', 'icon-bearer']",75,2,4,1,8,0,spear,3,,,,,,,
647,5169c103,Chameleon Skink Alpha with Dartpipe,Hunters of Huanchi,,order,6,2,12,"['hero', 'agile']",80,2,2,1,6,0,ranged,1,,,,,,,
648,40e91b1b,Chameleon Skink Alpha with Moonstone Club,Hunters of Huanchi,,order,6,3,12,"['hero', 'agile', 'trapper']",90,4,3,1,1,0,club,3,,,,,,,
649,1f36c1e8,Terrawing,Hunters of Huanchi,,order,10,3,8,"['fly', 'beast']",90,3,3,1,1,0,claws,3,,,,,,,
650,fe3c9b45,"Hendrick, The Silver Wolf",Blacktalons,,order,4,5,25,['champion'],155,4,4,2,1,0,sword,4,3.0,5.0,2.0,1.0,0.0,sword,5.0
651,5feaf59c,"Lorai, Child of the Abyss",Blacktalons,,order,5,3,20,"['fly', 'mystic']",160,2,3,1,1,0,dagger,3,3.0,7.0,3.0,7.0,3.0,blast,3.0
652,349b6dfe,Shakana Goldenblade,Blacktalons,,order,4,5,25,['destroyer'],180,3,4,2,1,0,sword,4,4.0,2.0,1.0,15.0,3.0,ranged,3.0
653,a0fb0704,Rostus Oxenhammer,Blacktalons,,order,4,6,25,['champion'],200,4,6,3,1,0,hammer,6,,,,,,,
654,41cc2020,Neave Blacktalon,Blacktalons,,order,7,5,30,['hero'],285,6,4,2,1,0,axe,5,3.0,4.0,1.0,10.0,0.0,ranged,4.0
655,24608845,Gryph-Hound,Stormcast Eternals Sacrosanct Chamber,,order,6,4,12,['beast'],115,4,4,1,1,0,claws,4,,,,,,,
656,0a2d1530,Sequitor with Stormsmite Maul and Soulshield,Stormcast Eternals Sacrosanct Chamber,,order,4,6,20,['bulwark'],120,2,4,2,1,0,hammer,5,,,,,,,
657,ad900d23,Sequitor with Tempest Blade and Soulshield,Stormcast Eternals Sacrosanct Chamber,,order,4,6,20,['bulwark'],125,3,4,2,1,0,sword,4,,,,,,,
658,8cb0966e,Evocator with Grandstave,Stormcast Eternals Sacrosanct Chamber,,order,4,5,20,['mystic'],150,3,5,2,2,0,mace,5,,,,,,,
659,2843fb51,Evocator with Tempest Blade and Stormstave,Stormcast Eternals Sacrosanct Chamber,,order,4,5,20,['mystic'],150,4,4,2,1,0,mace,5,,,,,,,
660,05e2b8f1,Sequitor-Prime with Stormsmite Maul and Soulshield,Stormcast Eternals Sacrosanct Chamber,,order,4,6,25,"['hero', 'bulwark']",165,3,4,2,1,0,hammer,5,,,,,,,
661,d80a1ee9,Sequitor with Stormsmite Greatmace,Stormcast Eternals Sacrosanct Chamber,,order,4,5,20,[],170,3,5,3,2,0,mace,5,,,,,,,
662,b800f747,Sequitor-Prime with Redemption Cache,Stormcast Eternals Sacrosanct Chamber,,order,4,6,25,"['hero', 'bulwark', 'frenzied']",170,3,4,2,1,0,hammer,5,,,,,,,
663,0b7655ff,Sequitor-Prime with Tempest Blade and Soulshield,Stormcast Eternals Sacrosanct Chamber,,order,4,6,25,"['hero', 'bulwark']",175,4,4,2,1,0,sword,4,,,,,,,
664,d09a68fb,Evocator-Prime with Tempest Blade and Stormstave,Stormcast Eternals Sacrosanct Chamber,,order,4,5,25,"['hero', 'mystic']",200,5,4,2,1,0,mace,5,,,,,,,
665,82eb25b8,Evocator-Prime with Grandstave,Stormcast Eternals Sacrosanct Chamber,,order,4,5,25,"['hero', 'mystic']",205,4,5,2,2,0,mace,5,,,,,,,
666,0565c5a3,Knight-Incantor,Stormcast Eternals Sacrosanct Chamber,,order,4,5,28,"['hero', 'berserker']",205,3,4,2,2,0,mace,4,2.0,6.0,3.0,7.0,3.0,blast,4.0
667,c913785c,Castigator,Stormcast Eternals Sacrosanct Chamber,,order,4,5,20,['destroyer'],210,3,4,1,1,0,unarmed,4,3.0,4.0,2.0,15.0,6.0,ranged,5.0
668,66b2c53c,Lord-Arcanum,Stormcast Eternals Sacrosanct Chamber,,order,4,5,30,"['hero', 'berserker']",210,4,4,2,2,0,mace,4,2.0,6.0,3.0,7.0,3.0,blast,4.0
669,94483481,Lord-Exorcist,Stormcast Eternals Sacrosanct Chamber,,order,4,5,30,"['hero', 'frenzied']",210,3,4,2,2,0,mace,4,2.0,6.0,3.0,7.0,3.0,blast,4.0
670,2c84b33d,Lord-Ordinator with Paired Astral Hammers,Stormcast Eternals Sacrosanct Chamber,,order,4,5,30,"['hero', 'brute']",210,4,5,2,1,0,hammer,5,,,,,,,
671,f894aa33,Lord-Ordinator with Astral Grandhammer,Stormcast Eternals Sacrosanct Chamber,,order,4,5,30,"['hero', 'brute']",220,3,5,3,2,0,hammer,5,,,,,,,
672,3d21c818,Castigator-Prime,Stormcast Eternals Sacrosanct Chamber,,order,4,5,25,"['hero', 'destroyer']",240,4,4,1,1,0,unarmed,4,3.0,4.0,2.0,15.0,6.0,ranged,5.0
673,78bc261c,Evocator on Celestial Dracoline with Grandstave,Stormcast Eternals Sacrosanct Chamber,,order,10,5,30,"['mystic', 'ferocious']",275,4,5,2,2,0,mace,5,,,,,,,
674,cbf1558d,Evocator on Celestial Dracoline with Tempest Blade and Stormstave,Stormcast Eternals Sacrosanct Chamber,,order,10,5,30,"['mystic', 'ferocious']",285,5,4,2,1,0,mace,5,,,,,,,
675,ac46dccc,Lord-Arcanum on Gryph-Charger,Stormcast Eternals Sacrosanct Chamber,,order,10,5,38,"['hero', 'berserker', 'mount']",305,4,4,2,2,0,mace,5,2.0,6.0,3.0,7.0,3.0,blast,4.0
676,2408cf92,Evocator-Prime on Celestial Dracoline with Grandstave,Stormcast Eternals Sacrosanct Chamber,,order,10,5,35,"['hero', 'mystic', 'ferocious']",315,4,6,2,2,0,mace,5,,,,,,,
677,2f6859a4,Lord-Arcanum on Celestial Dracoline,Stormcast Eternals Sacrosanct Chamber,,order,10,5,40,"['hero', 'ferocious', 'berserker']",315,4,5,2,2,0,claws,4,2.0,6.0,3.0,7.0,3.0,blast,4.0
678,83b1fcf3,Evocator-Prime on Celestial Dracoline with Tempest Blade and Stave,Stormcast Eternals Sacrosanct Chamber,,order,10,5,35,"['hero', 'mystic', 'ferocious']",330,5,5,2,1,0,mace,5,,,,,,,
679,11986e06,Ammis Dawnguard,Stormcast Eternals Sacrosanct Chamber,Stormsire's Cursebreakers,order,4,5,22,['mystic'],160,4,5,2,1,0,mace,5,,,,,,,
680,aa9cb0c7,Rastus the Charmed,Stormcast Eternals Sacrosanct Chamber,Stormsire's Cursebreakers,order,4,5,22,['mystic'],160,4,4,2,1,0,mace,6,,,,,,,
681,438b81dc,Averon Stormsire,Stormcast Eternals Sacrosanct Chamber,Stormsire's Cursebreakers,order,4,5,30,"['hero', 'frenzied']",215,3,4,2,2,0,mace,4,2.0,6.0,3.0,7.0,3.0,blast,4.0
682,6e1b7w9z,Errant-Questor Duelist with Twinblades,Stormcast Eternals Questor Soulsworn,,order,4,5,20,"['hero', 'champion']",160,5,3,2,1,0,sword,4,,,,,,,
683,u4nyw6a2,Errant-Questor with Grandblade,Stormcast Eternals Questor Soulsworn,,order,4,5,20,"['hero', 'destroyer']",165,4,4,2,1,0,sword,5,,,,,,,
684,s5v8g2y4,Errant-Questor with Grandaxe,Stormcast Eternals Questor Soulsworn,,order,4,5,20,"['hero', 'destroyer']",165,3,5,2,2,0,axe,5,,,,,,,
685,y9p4k7d1,Errant-Questor with Grandhammer,Stormcast Eternals Questor Soulsworn,,order,4,5,20,"['hero', 'destroyer']",165,3,4,3,1,0,hammer,6,,,,,,,
686,j3h6t5r7,Soulsworn Knight-Relictor,Stormcast Eternals Questor Soulsworn,,order,4,5,20,"['hero', 'priest']",165,3,4,3,1,0,hammer,4,2.0,5.0,3.0,8.0,0.0,blast,4.0
687,a7r5x8t9,Questor-Prime,Stormcast Eternals Questor Soulsworn,,order,4,5,20,"['hero', 'warrior']",170,4,4,2,2,0,axe,4,,,,,,,
688,k9f3n1l6,Errant-Questor with Grandspear,Stormcast Eternals Questor Soulsworn,,order,4,5,20,['hero'],170,3,5,2,3,0,spear,5,,,,,,,
689,eb92f059,Gnoblar,Ogor Mawtribes,,destruction,4,3,6,['trapper'],50,3,3,1,1,0,dagger,2,,,,,,,
690,1e24e8d2,Frost Sabre,Ogor Mawtribes,,destruction,8,4,16,['beast'],175,4,5,2,1,0,fangs,4,,,,,,,
691,cf6687da,Leadbelcher,Ogor Mawtribes,,destruction,4,4,28,"['brute', 'destroyer']",185,3,4,2,1,0,unarmed,4,3.0,4.0,2.0,10.0,3.0,ranged,4.0
692,ca799170,Ogor Glutton with Ironfist,Ogor Mawtribes,,destruction,4,5,28,"['brute', 'bulwark']",190,3,6,3,1,0,sword,5,,,,,,,
693,faa75125,Gorger,Ogor Mawtribes,,destruction,5,3,30,"['agile', 'brute']",195,4,6,3,1,0,fangs,4,,,,,,,
694,ee523132,Ogor Glutton with Clubs,Ogor Mawtribes,,destruction,4,4,28,['brute'],200,4,6,3,1,0,club,5,,,,,,,
695,37834833,Icefall Yhetee,Ogor Mawtribes,,destruction,8,4,25,['agile'],205,4,5,2,1,0,club,4,,,,,,,
696,c4237531,Maneater,Ogor Mawtribes,,destruction,4,4,30,['brute'],205,4,6,3,1,0,sword,5,2.0,4.0,2.0,8.0,0.0,ranged,4.0
697,47f37af3,Thunderfist,Ogor Mawtribes,,destruction,4,4,32,"['hero', 'brute', 'destroyer']",215,4,4,2,1,0,unarmed,4,3.0,4.0,2.0,10.0,3.0,ranged,4.0
698,77988e63,Butcher,Ogor Mawtribes,,destruction,4,4,38,"['hero', 'brute', 'mystic']",225,3,6,3,1,0,axe,5,3.0,6.0,3.0,7.0,3.0,blast,3.0
699,f2cc1f80,Firebelly,Ogor Mawtribes,,destruction,4,4,38,"['hero', 'brute', 'frenzied']",230,2,8,4,2,0,hammer,5,3.0,6.0,3.0,7.0,3.0,blast,3.0
700,25ae1b9a,Irongut,Ogor Mawtribes,,destruction,4,5,28,['brute'],235,3,8,4,2,0,club,6,,,,,,,
701,51c6100b,Crusher,Ogor Mawtribes,,destruction,4,4,32,"['hero', 'brute', 'bulwark']",265,4,8,4,1,0,club,5,,,,,,,
702,19d4f26e,Gutlord,Ogor Mawtribes,,destruction,4,5,32,"['hero', 'brute']",300,3,10,5,2,0,sword,6,,,,,,,
703,79fc7799,Icebrow Hunter,Ogor Mawtribes,,destruction,4,4,40,"['hero', 'brute', 'scout']",280,3,8,4,2,0,club,5,2.0,4.0,2.0,8.0,0.0,ranged,5.0
704,66278adf,Mournfang Rider with Culling Club and Ironfist,Ogor Mawtribes,,destruction,8,4,35,"['brute', 'bulwark', 'mount']",295,4,6,3,1,0,club,5,,,,,,,
705,6d14979f,Mournfang Rider with Gargant Hacker,Ogor Mawtribes,,destruction,8,4,35,"['brute', 'mount']",300,3,8,4,2,0,axe,5,,,,,,,
706,13c9ffda,Tyrant,Ogor Mawtribes,,destruction,4,5,42,"['hero', 'brute', 'champion']",325,4,8,4,2,0,spear,6,2.0,4.0,2.0,8.0,0.0,ranged,4.0
707,ab015348,Skalg,Ogor Mawtribes,,destruction,8,4,40,"['hero', 'brute', 'mount']",355,3,8,4,2,0,club,5,2.0,4.0,2.0,8.0,0.0,ranged,4.0
708,6be53983,Bloodpelt Hunter,Ogor Mawtribes,,destruction,5,4,30,"['hero', 'ferocious']",280,3,5,3,2,0,spear,5,2.0,5.0,3.0,8.0,3.0,ranged,6.0
709,a5a705f7,Peggz,Ogor Mawtribes,Blackpowder's Buccaneers,destruction,4,3,6,['scout'],50,3,3,1,1,0,dagger,2,,,,,,,
710,40acb702,Mange,Ogor Mawtribes,Blackpowder's Buccaneers,destruction,5,3,6,['frenzied'],65,4,3,1,1,0,fangs,3,,,,,,,
711,82052c8e,Kagey,Ogor Mawtribes,Blackpowder's Buccaneers,destruction,4,3,6,['scout'],60,2,3,1,8,0,reach,2,,,,,,,
712,8acd7368,Shreek,Ogor Mawtribes,Blackpowder's Buccaneers,destruction,10,3,6,"['beast', 'fly']",100,3,3,1,1,0,claws,3,,,,,,,
713,e10c8d32,Gorlok Blackpowder,Ogor Mawtribes,Blackpowder's Buccaneers,destruction,4,4,30,"['hero', 'brute']",250,4,6,3,2,0,sword,5,2.0,4.0,2.0,10.0,3.0,ranged,4.0
714,6e4b6e96,Bushwakka,Ogor Mawtribes,Hrothgorn's Mantrappers,destruction,4,3,8,['trapper'],55,3,3,1,1,0,unarmed,2,,,,,,,
715,3c7c1978,Quiv,Ogor Mawtribes,Hrothgorn's Mantrappers,destruction,4,3,8,['minion'],60,2,4,1,2,0,spear,3,,,,,,,
716,2abad3bb,Luggit & Thwak,Ogor Mawtribes,Hrothgorn's Mantrappers,destruction,4,3,12,[],65,3,4,1,2,0,axe,3,,,,,,,
717,f26ea120,Thrafnir,Ogor Mawtribes,Hrothgorn's Mantrappers,destruction,8,4,22,['beast'],175,4,5,2,1,0,fangs,4,,,,,,,
718,2dda62e2,Hrothgorn Mantrapper,Ogor Mawtribes,Hrothgorn's Mantrappers,destruction,4,4,40,"['hero', 'scout']",300,3,4,2,1,0,unarmed,4,2.0,8.0,4.0,9.0,3.0,ranged,6.0
719,6e918c6c,Savage Orruk with Chompa and Bone Shield,Bonesplitterz,,destruction,4,4,15,[],80,3,3,1,1,0,axe,3,,,,,,,
720,b05d0854,Savage Orruk with Savage Stikka and Bone Shield,Bonesplitterz,,destruction,4,4,15,[],80,2,4,1,2,0,spear,3,,,,,,,
721,67ac0006,Savage Orruk Morboy,Bonesplitterz,,destruction,4,3,15,['elite'],95,3,4,2,1,0,axe,4,,,,,,,
722,c0fadcc5,Savage Orruk Arrowboy,Bonesplitterz,,destruction,4,3,15,['destroyer'],110,3,2,1,1,0,unarmed,3,2.0,3.0,1.0,15.0,3.0,ranged,3.0
723,5d66d9dc,Savage Orruk Morboy Bone Totem Bearer,Bonesplitterz,,destruction,4,3,15,['mystic'],115,3,4,2,3,0,club,4,,,,,,,
724,af631173,Savage Boarboy with Chompa,Bonesplitterz,,destruction,10,4,20,['mount'],140,4,3,1,1,0,axe,3,,,,,,,
725,da496c2a,Savage Boarboy with Savage Stikka,Bonesplitterz,,destruction,10,4,20,['mount'],140,3,4,1,2,0,spear,3,,,,,,,
726,13f3214d,Savage Arrow Boss,Bonesplitterz,,destruction,4,4,20,"['hero', 'destroyer']",150,3,4,2,1,0,sword,3,3.0,3.0,1.0,15.0,3.0,ranged,3.0
727,f0ae8e6a,Savage Orruk Boss with Chompa and Bone Shield,Bonesplitterz,,destruction,4,4,20,['hero'],155,4,5,2,1,0,axe,4,,,,,,,
728,3cc597c4,Wardokk,Bonesplitterz,,destruction,4,4,22,"['hero', 'berserker']",155,3,3,1,1,0,club,3,2.0,6.0,3.0,7.0,3.0,blast,3.0
729,88ec1e85,Wurrgog Prophet,Bonesplitterz,,destruction,4,4,22,"['hero', 'frenzied']",155,3,4,1,2,0,club,4,2.0,6.0,3.0,7.0,3.0,blast,3.0
730,eb79df6b,Savage Big Stabbas,Bonesplitterz,,destruction,4,3,25,[],165,3,6,3,2,0,spear,5,,,,,,,
731,70e40531,Savage Orruk Morboy Boss,Bonesplitterz,,destruction,4,4,20,['hero'],175,4,6,3,1,0,sword,4,,,,,,,
732,8825dd0e,Savage Big Boss,Bonesplitterz,,destruction,4,4,25,"['hero', 'champion']",185,3,6,3,1,0,axe,5,,,,,,,
733,fca1a47c,Savage Boarboy Maniak,Bonesplitterz,,destruction,10,3,20,"['elite', 'mount']",185,4,4,2,1,0,axe,4,,,,,,,
734,bd79fba4,Savage Boarboy Bone Totem Bearer,Bonesplitterz,,destruction,10,4,20,"['mystic', 'mount']",195,3,4,2,3,0,club,5,,,,,,,
735,92d74ec2,Maniak Weirdnob,Bonesplitterz,,destruction,10,4,28,"['hero', 'ferocious', 'mount']",220,4,4,1,2,0,club,4,2.0,6.0,3.0,7.0,3.0,blast,3.0
736,b93491ef,Savage Boarboy Boss,Bonesplitterz,,destruction,10,4,25,"['hero', 'mount']",235,4,5,2,1,0,axe,4,,,,,,,
737,99ea4c6e,Savage Boss Maniak,Bonesplitterz,,destruction,10,4,25,"['hero', 'mount']",270,4,6,3,1,0,axe,4,,,,,,,
738,0366c594,Toofdagga,Bonesplitterz,Hedkrakka's Madmob,destruction,4,3,16,[],95,4,5,1,1,0,claws,4,,,,,,,
739,7ffa3914,Dakko Sharp-stikka,Bonesplitterz,Hedkrakka's Madmob,destruction,4,3,16,['destroyer'],115,3,3,1,1,0,unarmed,3,2.0,4.0,1.0,15.0,3.0,ranged,3.0
740,b1122956,Wollop da Skul,Bonesplitterz,Hedkrakka's Madmob,destruction,4,3,16,[],120,3,5,2,2,0,club,5,,,,,,,
741,757c7356,"Hedkrakka, Gob of Gork",Bonesplitterz,Hedkrakka's Madmob,destruction,4,4,26,"['hero', 'frenzied']",170,3,4,1,2,0,club,4,2.0,6.0,3.0,7.0,3.0,blast,3.0
742,11e83c0f,Orruk Ardboy with Ardboy Big Choppa [retired],Ironjawz,,destruction,3,4,15,[],80,3,4,2,1,0,axe,4,,,,,,,
743,56d4f9e9,Orruk Ardboy with Choppas [retired],Ironjawz,,destruction,3,4,15,[],85,4,4,1,1,0,axe,4,,,,,,,
744,6c9333d1,Orruk Ardboy with Ardboy Choppa and Orruk-forged Shield [retired],Ironjawz,,destruction,3,5,15,[],80,3,4,1,1,0,axe,4,,,,,,,
745,dd9a70da,Ardboy Boss with Ardboy Choppas [retired],Ironjawz,,destruction,3,4,20,['hero'],140,4,5,2,1,0,axe,5,,,,,,,
746,3ea25444,Orruk Brute with pair of Brute Choppas,Ironjawz,,destruction,3,5,25,['brute'],140,4,4,2,1,0,axe,4,,,,,,,
747,44bcd740,Orruk Brute with Jagged Gore-hacka,Ironjawz,,destruction,3,5,25,['brute'],150,3,4,2,2,0,axe,5,,,,,,,
748,612b4945,Orruk Weirdnob Shaman,Ironjawz,,destruction,3,4,32,"['hero', 'mystic']",170,3,4,1,2,0,club,4,2.0,6.0,3.0,7.0,3.0,blast,3.0
749,da0c7a68,Orruk Brute with Gore-Choppa,Ironjawz,,destruction,3,5,25,['brute'],175,3,6,3,2,0,axe,5,,,,,,,
750,e28a97d5,Orruk Warchanter,Ironjawz,,destruction,3,5,32,"['hero', 'frenzied']",180,4,4,2,1,0,club,4,,,,,,,
751,e5cf6edc,Brute Boss with Boss Choppa,Ironjawz,,destruction,3,5,30,"['hero', 'brute']",210,3,6,3,1,0,axe,6,,,,,,,
752,1e64b938,Brute Boss with Boss Klaw and Brute Smasha,Ironjawz,,destruction,3,5,30,"['hero', 'brute', 'berserker']",210,4,5,2,1,0,club,5,,,,,,,
753,95a5ddff,Orruk Megaboss,Ironjawz,,destruction,3,5,35,"['hero', 'champion']",225,3,8,4,1,0,axe,6,,,,,,,
754,8838ae10,Orruk Gore-Grunta with Jagged Gore-Hacka,Ironjawz,,destruction,8,4,35,"['ferocious', 'mount']",245,4,4,2,2,0,spear,5,,,,,,,
755,521ead0e,Orruk Gore-Grunta with Pig-iron Choppa,Ironjawz,,destruction,8,4,35,"['ferocious', 'mount']",250,5,4,2,1,0,axe,4,,,,,,,
756,bfcbe715,Gore-grunta Boss with Jagged Gore-hacka,Ironjawz,,destruction,8,4,40,"['hero', 'ferocious', 'mount']",275,4,4,2,2,0,spear,6,,,,,,,
757,6d3c693f,Gore-Grunta Boss with Pig-iron Choppa,Ironjawz,,destruction,8,4,40,"['hero', 'ferocious', 'mount']",300,5,4,2,1,0,axe,5,,,,,,,
758,ab166f67,Basha,Ironjawz,Ironskull's Boyz,destruction,3,4,16,[],105,3,4,2,1,0,club,4,,,,,,,
759,23103be7,Hakka,Ironjawz,Ironskull's Boyz,destruction,3,4,16,[],110,4,5,1,1,0,axe,4,,,,,,,
760,19aa2fa5,Bonekutta,Ironjawz,Ironskull's Boyz,destruction,3,4,16,[],100,3,4,2,2,0,axe,5,,,,,,,
761,5bf1a2a8,Gurzag Ironskull,Ironjawz,Ironskull's Boyz,destruction,3,4,26,['hero'],175,4,5,2,1,0,axe,5,,,,,,,
762,5a630853,Thugg,Ironjawz,Morgok's Krushas,destruction,3,5,26,['brute'],145,4,5,2,1,0,club,4,,,,,,,
763,cdb42889,'Ardskull,Ironjawz,Morgok's Krushas,destruction,3,5,26,['brute'],165,2,6,3,2,0,club,6,,,,,,,
764,034336b3,Morgok,Ironjawz,Morgok's Krushas,destruction,3,5,35,"['brute', 'hero']",225,4,5,3,1,0,sword,5,,,,,,,
765,27491f65,Ardboy With Choppa,Ironjawz,,destruction,3,5,15,['bulwark'],100,3,4,2,1,0,axe,4,,,,,,,
766,f48c1b61,Ardboy With Stikka,Ironjawz,,destruction,3,5,15,['bulwark'],100,2,5,2,2,0,spear,4,,,,,,,
767,2dd266be,Ardboy Boss With Choppa,Ironjawz,,destruction,3,5,20,"['hero', 'bulwark']",145,4,4,2,1,0,axe,4,,,,,,,
768,57b116d4,Ardboy Boss With Stikka,Ironjawz,,destruction,3,5,20,"['hero', 'bulwark']",140,3,4,2,2,0,spear,4,,,,,,,
769,9bc8ac77,Ardboy Big Boss,Ironjawz,,destruction,3,5,25,"['hero', 'bulwark', 'icon-bearer']",175,4,4,2,1,0,axe,5,3.0,5.0,2.0,2.0,0.0,spear,5.0
770,41c7e23f,Brute Rager,Ironjawz,,destruction,4,4,25,['destroyer'],145,2,5,3,2,0,axe,6,,,,,,,
771,69c2e9bf,Brute Wrekka,Ironjawz,,destruction,4,4,25,['terrifying'],175,6,2,2,3,0,mace,4,,,,,,,
772,b7da3ff4,Fellwater Troggoth,destruction,,destruction,4,4,28,"['thrall', 'trapper', 'bulwark']",175,4,5,2,1,0,club,5,,,,,,,
773,a47621f5,Rockgut Troggoth,destruction,,destruction,4,5,28,"['thrall', 'bulwark']",185,3,6,3,1,0,club,5,,,,,,,
774,b616e449,Dankhold Troggoth,destruction,,destruction,5,4,45,"['monster', 'ferocious']",275,3,8,4,2,0,club,5,,,,,,,
775,2c7b4722,Aleguzzler Gargant,destruction,,destruction,6,4,45,"['monster', 'brute']",420,4,8,4,2,0,club,5,,,,,,,
776,483abb24,Skitterstrand Arachnarok,destruction,,destruction,8,4,55,"['monster', 'destroyer']",475,4,8,4,1,0,fangs,5,,,,,,,
777,2ae1f047,Squig Herder,Gloomspite Gitz,,destruction,4,3,6,['agile'],50,3,3,1,1,0,spear,2,,,,,,,
778,62a28eb9,Stabba with Barbed Net,Gloomspite Gitz,,destruction,4,3,6,['trapper'],50,3,2,1,1,0,dagger,2,,,,,,,
779,c6ca17ad,Stabba with Pokin' Spear and Moon Shield,Gloomspite Gitz,,destruction,4,4,6,[],50,2,4,1,2,0,spear,2,,,,,,,
780,3e1236e8,Stabba with Stabba and Moon Shield,Gloomspite Gitz,,destruction,4,4,6,[],50,3,3,1,1,0,sword,2,,,,,,,
781,0b7a7d3c,Sneaky Snuffler,Gloomspite Gitz,,destruction,4,3,12,[],65,3,4,1,1,0,fangs,2,,,,,,,
782,deeef752,Boggleye,Gloomspite Gitz,,destruction,4,3,12,"['ally', 'berserker']",70,3,4,1,1,0,club,2,,,,,,,
783,90fd9264,Brewgit,Gloomspite Gitz,,destruction,4,3,12,"['ally', 'bulwark']",90,4,3,1,1,0,dagger,2,,,,,,,
784,f8991498,Shoota,Gloomspite Gitz,,destruction,4,3,6,[],60,3,2,1,1,0,dagger,2,2.0,3.0,1.0,12.0,3.0,ranged,3.0
785,36434f81,Spiker,Gloomspite Gitz,,destruction,4,3,12,"['ally', 'sentience']",75,3,4,1,2,0,club,2,,,,,,,
786,9fe09a30,Cave Squig,Gloomspite Gitz,,destruction,4,4,10,['beast'],75,3,4,1,1,0,fangs,4,,,,,,,
787,f97d9e55,Shroomancer,Gloomspite Gitz,,destruction,4,3,16,"['ally', 'frenzied']",85,3,4,1,2,0,club,2,,,,,,,
788,065fb829,Scaremonger,Gloomspite Gitz,,destruction,4,3,16,"['ally', 'terrifying']",90,4,4,1,1,0,fangs,2,,,,,,,
789,6e3049bf,Sporesplatta Fanatic,Gloomspite Gitz,,destruction,5,4,6,"['elite', 'scout']",90,3,4,1,3,0,reach,5,,,,,,,
790,bc47abdc,Moonclan Boss,Gloomspite Gitz,,destruction,4,4,12,['hero'],100,4,4,2,1,0,sword,3,,,,,,,
791,058bed50,Loonsmasha Fanatic,Gloomspite Gitz,,destruction,5,5,6,['elite'],100,3,5,2,3,0,reach,4,,,,,,,
792,2bf8f664,Fungoid Cave-Shaman,Gloomspite Gitz,,destruction,4,3,16,"['hero', 'mystic']",125,3,4,2,1,0,club,3,2.0,6.0,3.0,7.0,3.0,blast,3.0
793,5ee7cd6d,Webspinner Shaman,Gloomspite Gitz,,destruction,4,3,16,"['hero', 'priest']",125,3,4,2,1,0,club,3,2.0,6.0,3.0,7.0,3.0,blast,3.0
794,55d50942,Loonboss,Gloomspite Gitz,,destruction,4,4,16,"['hero', 'champion']",125,4,4,2,2,0,scythe,3,,,,,,,
795,4bd7d1ce,Spider Rider,Gloomspite Gitz,,destruction,10,4,15,['destroyer'],145,3,4,1,2,0,spear,3,2.0,3.0,1.0,12.0,3.0,ranged,3.0
796,16a08cca,Spider Rider Boss,Gloomspite Gitz,,destruction,10,4,20,"['hero', 'destroyer']",185,3,4,2,2,0,spear,3,3.0,3.0,1.0,12.0,3.0,ranged,3.0
797,16d85e5e,Boingrot Bounder,Gloomspite Gitz,,destruction,8,5,15,"['elite', 'fly']",190,3,5,2,2,0,spear,4,,,,,,,
798,f0e68c6e,Squig Hopper,Gloomspite Gitz,,destruction,10,4,15,"['elite', 'fly']",200,4,4,2,1,0,sword,4,,,,,,,
799,8094293b,Bounder Boss,Gloomspite Gitz,,destruction,8,5,20,"['fly', 'hero', 'elite']",230,4,5,2,2,0,spear,4,,,,,,,
800,8ab3d86a,Scuttleboss,Gloomspite Gitz,,destruction,10,4,26,"['hero', 'destroyer']",245,4,5,2,2,0,spear,4,,,,,,,
801,6aff7fa3,Squig Hopper Boss,Gloomspite Gitz,,destruction,10,4,20,"['fly', 'hero', 'elite']",230,5,4,2,1,0,sword,4,,,,,,,
802,e08454b0,Loonboss on Giant Cave Squig,Gloomspite Gitz,,destruction,8,5,26,"['fly', 'hero', 'elite']",270,4,5,2,2,0,spear,5,,,,,,,
803,1565a04c,Rabble-Rowza,Gloomspite Gitz,,destruction,4,4,16,"['hero', 'sentience']",125,5,3,2,1,0,club,3,,,,,,,
804,9dd13a32,Squigboss with Gnasha-Squig,Gloomspite Gitz,,destruction,4,3,16,"['hero', 'brute']",125,3,5,2,2,0,fangs,4,,,,,,,
805,7cc958a6,Snarlfang Rider Gitboss,Gloomspite Gitz,,destruction,10,4,20,"['hero', 'scout']",215,3,4,2,2,0,spear,5,2.0,3.0,2.0,12.0,3.0,ranged,4.0
806,a12b0b25,Snarlfang Rider,Gloomspite Gitz,,destruction,10,4,15,['scout'],175,3,3,2,2,0,spear,5,2.0,3.0,2.0,12.0,3.0,ranged,3.0
807,3050f851,Moonface Naggz,Gloomspite Gitz,Grinkrak's Looncourt,destruction,4,4,6,[],60,3,3,1,1,0,sword,2,,,,,,,
808,63a80e3a,Pointy Burk,Gloomspite Gitz,Grinkrak's Looncourt,destruction,4,4,6,[],60,2,4,1,2,0,spear,2,,,,,,,
809,0fb5dce6,Snorbo da Spore,Gloomspite Gitz,Grinkrak's Looncourt,destruction,4,4,6,['icon-bearer'],70,3,3,1,1,0,dagger,2,4.0,2.0,1.0,5.0,0.0,blast,1.0
810,f9b49756,Pokin' Snark,Gloomspite Gitz,Grinkrak's Looncourt,destruction,4,4,8,[],100,3,4,2,2,0,fangs,4,,,,,,,
811,c0957f12,Skolko and Pronk,Gloomspite Gitz,Grinkrak's Looncourt,destruction,3,4,12,[],115,3,3,1,1,0,dagger,2,2.0,4.0,1.0,20.0,3.0,ranged,4.0
812,3dae13ee,Grinkrak the Great,Gloomspite Gitz,Grinkrak's Looncourt,destruction,4,4,16,"['hero', 'champion']",140,4,4,2,2,0,axe,3,,,,,,,
813,e775a7b2,Grib Da Wonky Lance,Gloomspite Gitz,Grinkrak's Looncourt,destruction,8,5,15,"['fly', 'elite']",195,3,5,2,2,0,club,4,,,,,,,
814,5a30c245,Bat Squig,Gloomspite Gitz,Mollog's Mob,destruction,6,4,16,"['beast', 'fly']",170,4,4,2,1,0,fangs,5,,,,,,,
815,0944de05,Mollog the Mighty,Gloomspite Gitz,Mollog's Mob,destruction,4,5,35,['hero'],290,2,10,5,2,0,club,6,,,,,,,
816,8e26ae1f,Stabbit,Gloomspite Gitz,Rippa's Snarlfangs,destruction,8,3,18,['mount'],115,3,4,1,2,0,spear,3,,,,,,,
817,219f8c18,Mean-eye,Gloomspite Gitz,Rippa's Snarlfangs,destruction,8,3,18,['mount'],130,2,2,1,1,0,unarmed,2,2.0,4.0,1.0,15.0,3.0,ranged,3.0
818,2453d9f7,Rippa Narkbad,Gloomspite Gitz,Rippa's Snarlfangs,destruction,8,4,22,"['hero', 'mount']",180,4,4,2,1,0,sword,3,,,,,,,
819,8908bfd2,Prog Da Netter,Gloomspite Gitz,Zarbag's Gitz,destruction,4,3,10,['trapper'],65,3,2,1,1,0,dagger,3,,,,,,,
820,03760978,Zarbag's Gitz Shoota,Gloomspite Gitz,Zarbag's Gitz,destruction,4,3,10,[],85,3,2,1,1,0,dagger,3,2.0,3.0,1.0,12.0,3.0,ranged,3.0
821,d1abc2a9,Drizgit da Squig Herder,Gloomspite Gitz,Zarbag's Gitz,destruction,4,4,12,['agile'],90,3,4,2,2,0,club,3,,,,,,,
822,0dd373c0,Snirk Sourtongue,Gloomspite Gitz,Zarbag's Gitz,destruction,4,3,10,['frenzied'],130,4,6,3,3,0,reach,4,,,,,,,
823,a8f379d9,Zarbag,Gloomspite Gitz,Zarbag's Gitz,destruction,4,3,16,['hero'],125,3,4,1,1,0,club,3,2.0,6.0,3.0,7.0,3.0,blast,3.0
824,0d6a8a6a,Zarbag's Gitz Squig,Gloomspite Gitz,Zarbag's Gitz,destruction,4,4,16,['beast'],140,4,4,2,1,0,fangs,5,,,,,,,
825,8kk0lics,Borgit Wolf-Killa,Gloomspite Gitz,Borgit's Beastgrabbaz,destruction,4,4,18,['hero'],140,4,4,2,1,0,sword,4,,,,,,,
826,s76ya4vs,Uglug,Gloomspite Gitz,Borgit's Beastgrabbaz,destruction,4,4,20,[],120,3,4,2,1,0,claws,4,,,,,,,
827,o82q9qpy,Rigg and Shamm,Gloomspite Gitz,Borgit's Beastgrabbaz,destruction,4,3,10,[],60,3,3,1,2,0,spear,2,,,,,,,
828,c43e6474,Snagz,Gloomspite Gitz,Borgit's Beastgrabbaz,destruction,4,3,6,[],50,3,3,1,2,0,spear,2,,,,,,,
829,3fn0u2b5,Hobblin' Dreg,Gloomspite Gitz,Borgit's Beastgrabbaz,destruction,4,3,6,[],75,2,3,1,1,0,dagger,2,2.0,3.0,1.0,12.0,3.0,ranged,3.0
830,ff9e7687,Snarlpack Cavalry,Gloomspite Gitz,,destruction,8,5,25,"['ferocious', 'mount']",230,3,4,3,2,0,spear,5,,,,,,,
831,11a27c07,Snarlpack Boss,Gloomspite Gitz,,destruction,8,5,28,"['ferocious', 'mount', 'hero']",280,4,4,3,2,0,spear,5,,,,,,,
832,7564ac24,Pot-grot,Kruleboyz,,destruction,4,3,6,['destroyer'],50,2,3,1,1,0,club,2,,,,,,,
833,8dbddf23,Stab-grot,Kruleboyz,,destruction,4,4,6,"['minion', 'bulwark']",50,3,3,1,1,0,dagger,2,,,,,,,
834,c355ca81,Hobgrot Slitta,Kruleboyz,,destruction,4,3,8,['minion'],70,3,3,1,1,0,dagger,3,2.0,4.0,2.0,5.0,3.0,blast,4.0
835,a364cddf,Gutrippa with Wicked Hacka,Kruleboyz,,destruction,4,4,15,['warrior'],75,3,3,1,1,0,axe,3,,,,,,,
836,2a22ee6d,Gutrippa with Wicked Stikka,Kruleboyz,,destruction,4,4,15,['warrior'],75,2,4,1,2,0,spear,3,,,,,,,
837,5a46c16d,Hobgrot Boss,Kruleboyz,,destruction,4,3,8,"['champion', 'minion']",75,4,3,1,1,0,dagger,3,2.0,4.0,2.0,5.0,3.0,blast,4.0
838,a816d256,Man-skewer Boltboy,Kruleboyz,,destruction,4,4,15,"['warrior', 'trapper']",120,3,3,1,1,0,dagger,3,2.0,4.0,1.0,15.0,6.0,ranged,4.0
839,6e6e51a6,Gutrippa Boss with Mace and Sword,Kruleboyz,,destruction,4,4,20,"['hero', 'warrior']",140,4,4,2,1,0,mace,4,,,,,,,
840,874305e9,Gutrippa Boss with Wicked Stikka,Kruleboyz,,destruction,4,5,20,"['hero', 'warrior']",145,3,4,2,2,0,spear,4,,,,,,,
841,757c2767,Murknob with Belcha-banna,Kruleboyz,,destruction,4,4,25,"['hero', 'warrior', 'icon-bearer']",145,3,4,2,1,0,axe,4,,,,,,,
842,ccd102cd,Swampcalla Shaman,Kruleboyz,,destruction,4,4,25,"['hero', 'warrior', 'mystic']",165,3,4,1,2,0,club,4,2.0,6.0,3.0,7.0,3.0,blast,3.0
843,bbe9be70,Boltboy Boss,Kruleboyz,,destruction,4,4,20,"['hero', 'warrior', 'trapper']",170,3,4,2,1,0,dagger,4,3.0,4.0,1.0,15.0,6.0,ranged,4.0
844,37c85f74,Killaboss with Boss-Hacka and Skareshield,Kruleboyz,,destruction,4,5,28,"['hero', 'warrior', 'berserker']",180,4,4,2,1,0,axe,4,,,,,,,
845,bed9b520,Killaboss with Boss-Hacka and Rusting Flail,Kruleboyz,,destruction,4,4,28,"['hero', 'warrior', 'berserker']",190,5,5,2,1,0,axe,4,,,,,,,
846,ed4c54f2,Killaboss on Great Gnashtoof,Kruleboyz,,destruction,8,5,38,"['hero', 'warrior', 'mount']",330,5,5,3,1,0,axe,4,,,,,,,
847,4ef8d2c0,Gikkit,Kruleboyz,Da Kunnin' Krew,destruction,4,4,6,"['minion', 'warrior']",50,3,3,1,1,0,dagger,2,,,,,,,
848,6a8bd69c,Shank,Kruleboyz,Da Kunnin' Krew,destruction,4,4,6,"['minion', 'scout']",55,3,3,1,1,0,dagger,2,,,,,,,
849,80b811c5,Krookgrin,Kruleboyz,Da Kunnin' Krew,destruction,4,3,8,"['champion', 'minion']",80,3,4,2,1,0,dagger,3,2.0,4.0,2.0,5.0,3.0,blast,4.0
850,c022ab40,Torka Tuffskul,Kruleboyz,Da Kunnin' Krew,destruction,4,4,20,"['warrior', 'scout']",125,3,4,2,2,0,spear,4,,,,,,,
851,8f7dbf1c,Mannok Da Kunnin',Kruleboyz,Da Kunnin' Krew,destruction,4,4,28,"['hero', 'warrior']",185,4,5,2,2,0,bident,4,,,,,,,
852,a854fb09,Daggok Finksteala,Kruleboyz,Daggok's Stab-ladz,destruction,4,4,25,"['hero', 'warrior']",175,4,4,2,2,0,spear,4,,,,,,,
853,7bf86ba6,Jagz da Bleeda,Kruleboyz,Daggok's Stab-ladz,destruction,4,4,15,"['frenzied', 'warrior']",90,4,5,1,1,0,dagger,3,,,,,,,
854,c5c1fbc0,Hurrk da Howla,Kruleboyz,Daggok's Stab-ladz,destruction,4,4,15,"['icon-bearer', 'warrior']",75,3,3,1,1,0,dagger,3,,,,,,,
855,8e9ba58e,Grakk da Hook,Kruleboyz,Daggok's Stab-ladz,destruction,4,3,15,"['brute', 'warrior']",130,3,4,3,2,0,hook,5,,,,,,,
856,3f9a8c2e,Hobgrot Slittaboss,Kruleboyz,,destruction,4,4,16,"['hero', 'scout', 'minion']",140,4,3,2,2,0,spear,4,,,,,,,
857,1f54a824,Klutcha-grot,Kruleboyz Monsta-killaz,,destruction,4,4,6,['trapper'],60,3,3,2,1,0,claws,2,,,,,,,
858,3f6612bc,Neckslicer with Smasha,Kruleboyz Monsta-killaz,,destruction,4,3,15,['trapper'],110,4,4,2,1,0,club,4,,,,,,,
859,81eebace,Bawla Boy with Stabba,Kruleboyz Monsta-killaz,,destruction,4,3,15,"['trapper', 'icon-bearer']",110,4,3,2,1,0,dagger,4,,,,,,,
860,79ed7e35,Bawla Boy with Flogga,Kruleboyz Monsta-killaz,,destruction,4,3,15,"['trapper', 'icon-bearer']",110,5,4,1,3,0,reach,3,,,,,,,
861,8d4cf78f,Neckslicer with Beaststikka Harpoon,Kruleboyz Monsta-killaz,,destruction,4,3,15,"['trapper', 'destroyer']",115,2,5,2,3,0,spear,4,2.0,5.0,2.0,8.0,0.0,ranged,4.0
862,5318c226,Neckslicer with Bonehakka,Kruleboyz Monsta-killaz,,destruction,4,3,15,"['trapper', 'berserker']",120,3,4,2,2,0,axe,5,,,,,,,
863,3101b10f,Gnarlwood Howla,Kruleboyz Monsta-killaz,,destruction,6,3,18,['beast'],125,5,4,2,1,0,claws,3,,,,,,,
864,3ff6e9f8,Beastnob,Kruleboyz Monsta-killaz,,destruction,4,4,25,"['hero', 'trapper']",200,4,5,3,1,0,mace,6,2.0,4.0,2.0,8.0,0.0,ranged,4.0
865,17aa80a6,Gorger with Club,Gorger Mawpack,,destruction,5,3,30,['beast'],175,3,6,3,1,0,club,5,,,,,,,
866,d7c8e406,Gorger,Gorger Mawpack,,destruction,5,3,30,['beast'],180,4,5,3,1,0,claws,4,,,,,,,
867,9bfb3829,Gorger with Great Club,Gorger Mawpack,,destruction,5,3,30,"['beast', 'destroyer']",185,2,8,4,2,0,club,6,,,,,,,
868,2046056e,Cave Howler,Gorger Mawpack,,destruction,5,3,30,"['beast', 'berserker']",220,5,6,3,1,0,claws,4,,,,,,,
869,8b4dc952,Clawback,Gorger Mawpack,,destruction,5,3,35,['hero'],235,4,6,3,1,0,club,5,,,,,,,
870,ad8709a0,Awakened One with Brutal Polearm,The Unmade,,chaos,4,3,10,[],65,2,4,1,2,0,spear,3,,,,,,,
871,b2e31ca2,Awakened One with Flail,The Unmade,,chaos,4,3,10,[],65,3,3,1,1,0,dagger,3,3.0,2.0,1.0,3.0,0.0,reach,3.0
872,31740359,Ascended One,The Unmade,,chaos,4,4,10,['warrior'],110,4,4,2,1,0,sword,4,,,,,,,
873,ac71c483,Joyous One,The Unmade,,chaos,5,4,15,['destroyer'],140,4,4,2,1,0,dagger,4,,,,,,,
874,9ecfd2ac,Blissful One,The Unmade,,chaos,8,4,20,['hero'],225,5,6,2,1,0,dagger,4,,,,,,,
875,bb6c553d,Gloryseeker with Greataxe,Darkoath Savagers,,chaos,4,3,10,[],65,2,4,2,1,0,axe,4,,,,,,,
876,fca5f20c,Gloryseeker with Paired Weapons,Darkoath Savagers,,chaos,4,3,10,[],70,4,3,1,1,0,axe,4,,,,,,,
877,3f9e142c,Gloryseeker with Shield,Darkoath Savagers,,chaos,4,4,10,[],70,3,3,1,1,0,sword,4,,,,,,,
878,142a930a,Gloryseeker with Spear,Darkoath Savagers,,chaos,4,3,10,[],75,3,4,1,2,0,spear,4,,,,,,,
879,bdbaba1c,God-speaker,Darkoath Savagers,,chaos,4,3,12,['mystic'],105,3,3,1,1,0,dagger,3,2.0,6.0,3.0,7.0,3.0,blast,3.0
880,5895088c,Wrathtouched,Darkoath Savagers,,chaos,4,4,15,['berserker'],105,4,5,1,1,0,claws,4,,,,,,,
881,8d9ed7ad,Proven with Greatblade,Darkoath Savagers,,chaos,4,4,15,[],115,4,4,2,1,0,sword,4,,,,,,,
882,26424ec8,Proven with Greatflail,Darkoath Savagers,,chaos,4,4,15,[],115,3,4,2,3,0,reach,4,,,,,,,
883,7cd19807,Proven with Greatspear,Darkoath Savagers,,chaos,4,4,15,[],125,3,5,2,2,0,spear,5,,,,,,,
884,10435bcb,Proven with Greataxe,Darkoath Savagers,,chaos,4,4,15,[],130,3,5,3,1,0,axe,5,,,,,,,
885,925b24db,Slaughterborn with Greataxe,Darkoath Savagers,,chaos,4,4,20,['hero'],180,4,5,3,1,0,axe,6,,,,,,,
886,3740c412,Slaughterborn with Greatblade,Darkoath Savagers,,chaos,4,4,20,['hero'],180,5,5,2,1,0,sword,5,,,,,,,
887,05730b23,Iron Legionary,Iron Golems,,chaos,4,5,12,[],75,3,4,1,1,0,club,3,,,,,,,
888,4d002a1c,Iron Legionary with Bolas,Iron Golems,,chaos,4,4,12,[],75,3,4,1,1,0,hammer,3,3.0,3.0,1.0,3.0,0.0,reach,3.0
889,4d8867a5,Iron Legionary with Twin Hammers,Iron Golems,,chaos,4,4,12,[],75,4,4,1,1,0,hammer,3,,,,,,,
890,dec61d09,Armator,Iron Golems,,chaos,3,4,15,[],90,4,4,2,1,0,hammer,4,,,,,,,
891,11ffa5a0,Signifer,Iron Golems,,chaos,4,4,18,['icon-bearer'],125,4,4,2,1,0,hammer,4,,,,,,,
892,adc1715c,Prefector,Iron Golems,,chaos,4,4,18,['brute'],135,4,5,2,1,0,hammer,4,,,,,,,
893,70b20681,Drillmaster,Iron Golems,,chaos,5,4,18,['berserker'],140,4,4,2,1,0,club,4,4.0,3.0,2.0,3.0,0.0,reach,4.0
894,bb0df6f0,Dominar,Iron Golems,,chaos,4,4,22,"['hero', 'brute']",170,4,5,2,1,0,hammer,5,,,,,,,
895,95f83304,Ogor Breacher,Iron Golems,,chaos,4,5,30,['destroyer'],220,3,8,4,1,0,unarmed,6,,,,,,,
896,fac7b907,Bloodletter,Blades of Khorne: Daemons,,chaos,4,3,10,['frenzied'],80,4,4,1,1,0,sword,4,,,,,,,
897,b9e2645d,Bloodreaper,Blades of Khorne: Daemons,,chaos,4,3,15,"['hero', 'frenzied']",135,5,4,2,1,0,sword,4,,,,,,,
898,9e03d4aa,"Bloodmaster, Herald of Khorne",Blades of Khorne: Daemons,,chaos,4,4,20,"['hero', 'frenzied']",165,5,5,2,1,0,sword,4,,,,,,,
899,bea960c8,Bloodcrusher,Blades of Khorne: Daemons,,chaos,6,4,25,"['destroyer', 'mount']",170,4,4,2,1,0,sword,4,,,,,,,
900,4b927149,Flesh Hound,Blades of Khorne: Daemons,,chaos,8,4,20,"['agile', 'beast']",185,4,4,2,1,0,fangs,4,,,,,,,
901,d060cbe4,Bloodhunter,Blades of Khorne: Daemons,,chaos,6,4,30,"['hero', 'destroyer', 'mount']",230,5,5,2,1,0,sword,4,,,,,,,
902,13230cd6,Gore Hound,Blades of Khorne: Daemons,,chaos,8,4,25,"['agile', 'beast', 'ferocious']",240,5,5,2,1,0,fangs,4,,,,,,,
903,a23403fa,"Skullmaster, Herald of Khorne",Blades of Khorne: Daemons,,chaos,6,5,35,"['hero', 'destroyer', 'mount']",285,5,5,3,1,0,sword,4,,,,,,,
904,1e1133a3,Tzaangor with Pair of Savage Blades,Disciples of Tzeentch: Arcanites,,chaos,5,3,15,[],75,3,4,1,1,0,sword,3,,,,,,,
905,fb90f3c9,Tzaangor with Savage Blade and Arcanite Shield,Disciples of Tzeentch: Arcanites,,chaos,5,4,15,[],80,2,4,1,1,0,sword,3,,,,,,,
906,bf25dc84,Tzaangor Mutant,Disciples of Tzeentch: Arcanites,,chaos,5,3,15,['brute'],85,4,4,1,1,0,sword,3,,,,,,,
907,3118b3bc,Kairic Acolyte with Paired Cursed Blades,Disciples of Tzeentch: Arcanites,,chaos,4,3,10,[],75,4,3,1,1,0,sword,3,2.0,3.0,1.0,15.0,3.0,blast,3.0
908,1aa0e428,Kairic Acolyte with Vulcharc,Disciples of Tzeentch: Arcanites,,chaos,4,3,10,['scout'],70,3,3,1,1,0,sword,3,2.0,3.0,1.0,15.0,3.0,blast,3.0
909,0caa98da,Kairic Acolyte with Cursed Blade and Arcanite Shield,Disciples of Tzeentch: Arcanites,,chaos,4,4,10,[],75,3,3,1,1,0,sword,3,2.0,3.0,1.0,15.0,3.0,blast,3.0
910,4679f5e6,Kairic Acolyte with Cursed Glaive and Arcanite Shield,Disciples of Tzeentch: Arcanites,,chaos,4,4,10,[],75,2,4,1,2,0,spear,3,2.0,3.0,1.0,15.0,3.0,blast,3.0
911,d6bf7d5d,Kairic Acolyte with Scroll of Dark Arts,Disciples of Tzeentch: Arcanites,,chaos,4,4,10,[],95,2,3,1,1,0,sword,3,2.0,4.0,1.0,15.0,3.0,blast,4.0
912,b248c71f,Tzaangor with Savage Greatblade,Disciples of Tzeentch: Arcanites,,chaos,5,3,15,[],105,3,5,2,1,0,sword,4,,,,,,,
913,341cf8f7,Kairic Adept,Disciples of Tzeentch: Arcanites,,chaos,4,4,15,['hero'],130,2,4,1,2,0,spear,3,3.0,3.0,1.0,15.0,3.0,blast,3.0
914,0cdaf478,Twistbray,Disciples of Tzeentch: Arcanites,,chaos,5,4,20,['hero'],140,3,4,2,1,0,sword,4,,,,,,,
915,756b4c29,Tzaangor Enlightened,Disciples of Tzeentch: Arcanites,,chaos,5,4,18,['destroyer'],150,4,4,2,2,0,spear,4,,,,,,,
916,55b01f5d,Magister,Disciples of Tzeentch: Arcanites,,chaos,4,3,20,['hero'],155,3,4,1,1,0,sword,4,2.0,6.0,3.0,15.0,3.0,blast,3.0
917,9dea6c10,Gaunt Summoner of Tzeentch,Disciples of Tzeentch: Arcanites,,chaos,4,3,22,"['hero', 'berserker']",165,3,4,1,1,0,sword,4,2.0,6.0,3.0,15.0,3.0,blast,3.0
918,3492cfca,Enlightened Aviarch,Disciples of Tzeentch: Arcanites,,chaos,5,4,22,"['hero', 'destroyer']",200,5,4,2,2,0,spear,4,,,,,,,
919,55f89eac,"Curseling, Eye of Tzeentch",Disciples of Tzeentch: Arcanites,,chaos,4,5,28,['hero'],205,4,5,2,2,0,sword,4,2.0,6.0,3.0,7.0,3.0,blast,3.0
920,47aaca70,Tzaangor Enlightened on Disc of Tzeentch,Disciples of Tzeentch: Arcanites,,chaos,10,4,22,"['fly', 'destroyer']",220,4,4,2,2,0,spear,4,,,,,,,
921,5e8e7454,Ogroid Thaumaturge,Disciples of Tzeentch: Arcanites,,chaos,4,4,32,"['hero', 'ferocious']",225,4,5,2,2,0,club,5,2.0,6.0,3.0,15.0,3.0,blast,3.0
922,31b7fbbf,Tzaangor Skyfire,Disciples of Tzeentch: Arcanites,,chaos,10,4,18,"['fly', 'frenzied']",225,4,4,2,1,0,fangs,4,2.0,5.0,2.0,20.0,3.0,ranged,4.0
923,6ee0e3d3,Magister on Disc of Tzeentch,Disciples of Tzeentch: Arcanites,,chaos,10,4,25,"['fly', 'hero']",245,4,4,2,1,0,fangs,4,2.0,6.0,3.0,15.0,3.0,blast,3.0
924,8513f27f,Tzaangor Shaman,Disciples of Tzeentch: Arcanites,,chaos,10,4,28,"['fly', 'hero']",250,4,4,2,1,0,fangs,4,2.0,6.0,3.0,15.0,3.0,blast,3.0
925,73362482,Fatemaster,Disciples of Tzeentch: Arcanites,,chaos,10,4,25,"['fly', 'hero', 'champion']",255,4,5,2,2,0,sword,4,,,,,,,
926,45571dd4,Gaunt Summoner on Disc of Tzeentch,Disciples of Tzeentch: Arcanites,,chaos,10,3,28,"['fly', 'hero', 'berserker']",255,4,4,2,1,0,fangs,4,2.0,6.0,3.0,15.0,3.0,blast,3.0
927,22ec204d,Enlightened Aviarch on Disc of Tzeentch,Disciples of Tzeentch: Arcanites,,chaos,10,4,26,"['hero', 'destroyer', 'fly']",275,5,4,2,2,0,spear,4,,,,,,,
928,c774f064,Skyfire Aviarch,Disciples of Tzeentch: Arcanites,,chaos,10,4,22,"['fly', 'hero', 'frenzied']",290,4,4,2,1,0,fangs,4,3.0,5.0,2.0,20.0,3.0,ranged,4.0
929,df9337b5,Eyes of the Nine Brimstone Horrors,Disciples of Tzeentch: Arcanites,Eyes of the Nine,chaos,4,3,6,['minion'],0,3,2,1,1,0,claws,3,2.0,2.0,1.0,10.0,3.0,blast,3.0
930,7b98e75f,Eyes of the Nine Blue Horror,Disciples of Tzeentch: Arcanites,Eyes of the Nine,chaos,4,3,8,['warrior'],90,3,3,1,1,0,claws,3,2.0,3.0,1.0,10.0,3.0,blast,3.0
931,3356996c,Narvia,Disciples of Tzeentch: Arcanites,Eyes of the Nine,chaos,4,4,10,[],75,3,3,1,1,0,sword,3,2.0,3.0,1.0,10.0,3.0,blast,3.0
932,6b06527b,Turosh,Disciples of Tzeentch: Arcanites,Eyes of the Nine,chaos,4,4,10,[],75,3,3,1,1,0,sword,3,2.0,3.0,1.0,10.0,3.0,blast,3.0
933,4b7ae50d,K'Charik,Disciples of Tzeentch: Arcanites,Eyes of the Nine,chaos,5,4,16,['elite'],125,3,5,2,1,0,sword,4,,,,,,,
934,2f93da8a,Vortemis the All-seeing,Disciples of Tzeentch: Arcanites,Eyes of the Nine,chaos,4,3,22,['hero'],150,3,4,1,1,0,club,4,2.0,6.0,3.0,10.0,3.0,blast,3.0
935,a0c2eb9f,Clearblood,Splintered Fang,,chaos,4,3,10,[],65,4,3,1,1,0,dagger,3,,,,,,,
936,298c9d36,Clearblood with Shield,Splintered Fang,,chaos,4,4,10,['bulwark'],65,3,3,1,1,0,dagger,3,,,,,,,
937,8eef5146,Serpents,Splintered Fang,,chaos,6,2,6,['beast'],90,5,4,1,1,0,fangs,3,,,,,,,
938,48930bbc,Venomblood with Blade and Barbed Whip,Splintered Fang,,chaos,5,4,10,[],95,3,4,2,1,0,sword,3,4.0,4.0,1.0,3.0,0.0,reach,3.0
939,4e872f9a,Venomblood with Duelling Blades,Splintered Fang,,chaos,5,4,10,[],95,4,4,2,1,0,sword,3,,,,,,,
940,e75b6a58,Venomblood with Barbed Whip,Splintered Fang,,chaos,4,5,10,['bulwark'],105,4,4,1,3,0,reach,4,,,,,,,
941,c17299c3,Venomblood with Spear and Shield,Splintered Fang,,chaos,4,5,10,['bulwark'],105,3,4,2,2,0,spear,4,,,,,,,
942,d52caefd,Pureblood,Splintered Fang,,chaos,4,4,12,['brute'],115,4,4,2,1,0,dagger,4,,,,,,,
943,141590d5,Serpent Caller,Splintered Fang,,chaos,5,4,15,['mystic'],145,4,4,2,2,0,fangs,4,2.0,4.0,2.0,8.0,0.0,ranged,4.0
944,58c9475c,Trueblood,Splintered Fang,,chaos,4,4,20,['hero'],170,4,5,2,2,0,spear,4,,,,,,,
945,3a603d57,Defacer with Antithete Bow,Jade Obelisk,,chaos,4,4,10,[],95,3,3,1,1,0,dagger,3,2.0,3.0,1.0,15.0,3.0,ranged,3.0
946,0107090d,Defacer with Stonecutter Tools,Jade Obelisk,,chaos,4,4,10,['warrior'],95,4,3,2,1,0,hammer,4,,,,,,,
947,0f01b0fc,Desecrator with Iconoclast Warpick,Jade Obelisk,,chaos,3,4,12,['destroyer'],100,4,5,2,1,0,hammer,5,,,,,,,
948,5d2df80c,Desecrator with Statue-Smasher Hammer,Jade Obelisk,,chaos,3,4,12,['destroyer'],100,3,5,3,1,0,hammer,5,,,,,,,
949,6b58ba77,Idolarc,Jade Obelisk,,chaos,8,3,8,"['beast', 'fly']",105,3,3,1,1,0,claws,3,,,,,,,
950,be116cfc,Nephrite Priestess,Jade Obelisk,,chaos,4,3,20,"['hero', 'priest']",105,4,4,1,1,0,dagger,3,,,,,,,
951,6095fdfa,Obelisk Bearer,Jade Obelisk,,chaos,3,4,20,['icon-bearer'],110,4,4,2,1,0,sword,4,,,,,,,
952,d32fb6ba,Bloodreaver with Meatripper Axe,Blades of Khorne: Bloodbound,,chaos,5,3,10,[],65,3,3,1,1,0,axe,4,,,,,,,
953,6fa3829c,Bloodreaver with Reaver Blades,Blades of Khorne: Bloodbound,,chaos,5,3,10,[],65,4,3,1,1,0,axe,3,,,,,,,
954,3af7fec3,Blood Warrior with Goreaxe and Gorefist,Blades of Khorne: Bloodbound,,chaos,4,4,15,['bulwark'],100,3,4,2,1,0,axe,4,,,,,,,
955,fb322974,Blood Warrior with Goreglaive,Blades of Khorne: Bloodbound,,chaos,4,4,15,[],110,3,5,2,1,0,axe,5,,,,,,,
956,87153906,Blood Warrior with Pair of Goreaxes,Blades of Khorne: Bloodbound,,chaos,4,4,15,[],110,4,4,2,1,0,axe,4,,,,,,,
957,811b35cc,Bloodreaver Chieftain,Blades of Khorne: Bloodbound,,chaos,5,3,15,['hero'],120,5,4,2,1,0,axe,3,,,,,,,
958,05a4c6b4,Skullreaper,Blades of Khorne: Bloodbound,,chaos,4,4,20,['destroyer'],130,4,4,2,1,0,axe,4,,,,,,,
959,5584f517,Chaos Champion,Blades of Khorne: Bloodbound,,chaos,4,4,20,"['hero', 'bulwark']",140,4,4,2,1,0,axe,4,,,,,,,
960,98435f2d,Wrathmonger,Blades of Khorne: Bloodbound,,chaos,4,4,20,['frenzied'],140,5,4,1,2,0,reach,4,,,,,,,
961,559f286c,Bloodsecrator,Blades of Khorne: Bloodbound,,chaos,4,5,25,"['hero', 'icon-bearer']",160,3,5,2,1,0,axe,4,,,,,,,
962,23e300d7,Skullseeker,Blades of Khorne: Bloodbound,,chaos,4,4,25,"['hero', 'destroyer']",160,4,4,2,1,0,axe,4,,,,,,,
963,ddd14dc6,Aspiring Deathbringer,Blades of Khorne: Bloodbound,,chaos,4,5,25,['hero'],165,4,4,2,1,0,axe,4,,,,,,,
964,95cd6182,Bloodstoker,Blades of Khorne: Bloodbound,,chaos,4,4,25,"['hero', 'trapper']",165,4,4,2,1,0,dagger,4,3.0,4.0,1.0,3.0,0.0,reach,4.0
965,13f5bb8d,Flesh Hound,Blades of Khorne: Bloodbound,,chaos,8,4,20,['beast'],180,4,4,2,1,0,fangs,4,,,,,,,
966,55ff1296,Skullgrinder,Blades of Khorne: Bloodbound,,chaos,4,5,28,['hero'],180,2,6,3,2,0,reach,5,,,,,,,
967,3c23da85,Exalted Deathbringer with Impaling Spear,Blades of Khorne: Bloodbound,,chaos,4,4,28,['hero'],185,3,6,3,2,0,spear,4,,,,,,,
968,43ff3553,Exalted Deathbringer with Ruinous Axe,Blades of Khorne: Bloodbound,,chaos,4,4,28,['hero'],185,4,5,3,1,0,axe,4,,,,,,,
969,78231166,Slaughterpriest with Wrath-hammer and Hackblade,Blades of Khorne: Bloodbound,,chaos,4,4,30,"['hero', 'priest']",185,4,4,2,1,0,sword,4,3.0,4.0,1.0,3.0,0.0,reach,4.0
970,fc268557,Slaughterpriest with Bloodbathed Axe,Blades of Khorne: Bloodbound,,chaos,4,4,30,"['hero', 'priest']",195,3,5,3,2,0,axe,4,,,,,,,
971,743cfea8,Khorgorath,Blades of Khorne: Bloodbound,,chaos,4,4,30,['ferocious'],205,3,8,4,1,0,claws,5,,,,,,,
972,8ac2e833,Mighty Skullcrusher with Bloodglaive,Blades of Khorne: Bloodbound,,chaos,6,6,30,['mount'],210,3,6,2,2,0,spear,5,,,,,,,
973,12d7cc73,Mighty Skullcrusher with Ensorcelled Axe,Blades of Khorne: Bloodbound,,chaos,6,6,30,['mount'],210,4,5,2,1,0,axe,4,,,,,,,
974,f4bd8604,Wrathmaster,Blades of Khorne: Bloodbound,,chaos,4,4,25,"['hero', 'frenzied']",210,6,4,2,2,0,reach,4,,,,,,,
975,191f2f84,Mighty Lord of Khorne,Blades of Khorne: Bloodbound,,chaos,4,5,32,"['hero', 'champion']",215,5,5,2,1,0,axe,4,,,,,,,
976,5ec5fd0c,Skullhunter,Blades of Khorne: Bloodbound,,chaos,6,6,35,"['hero', 'mount']",260,5,5,2,1,0,axe,4,,,,,,,
977,7ccb3e43,Mighty Lord of Khorne on Juggernaut,Blades of Khorne: Bloodbound,,chaos,6,6,38,"['hero', 'mount']",280,5,6,2,1,0,axe,4,,,,,,,
978,229cb33e,Arnulf,Blades of Khorne: Bloodbound,Garrek's Reavers,chaos,5,3,12,[],70,4,3,1,1,0,axe,3,,,,,,,
979,95b69c8d,Targor,Blades of Khorne: Bloodbound,Garrek's Reavers,chaos,5,3,12,[],70,4,3,1,1,0,axe,3,,,,,,,
980,d93a8925,Karsus the Chained,Blades of Khorne: Bloodbound,Garrek's Reavers,chaos,5,4,12,['berserker'],120,4,4,2,3,0,reach,3,,,,,,,
981,eb787473,Blooded Saek,Blades of Khorne: Bloodbound,Garrek's Reavers,chaos,5,4,12,[],115,3,5,3,1,0,axe,4,,,,,,,
982,9a693167,Garrek Gorebeard,Blades of Khorne: Bloodbound,Garrek's Reavers,chaos,5,4,22,['hero'],170,5,4,2,1,0,axe,3,,,,,,,
983,742ef8d7,Skullgrinder Herax,Blades of Khorne: Bloodbound,Gorechosen of Dromm,chaos,4,5,24,['elite'],155,2,6,3,1,0,club,5,,,,,,,
984,b850aa39,"Dromm, Wounder of Worlds",Blades of Khorne: Bloodbound,Gorechosen of Dromm,chaos,4,4,30,"['hero', 'priest']",205,3,4,2,2,0,axe,5,,,,,,,
985,8293a286,The Gorehulk,Blades of Khorne: Bloodbound,Gorechosen of Dromm,chaos,4,5,36,['brute'],225,4,4,3,1,0,unarmed,6,,,,,,,
986,30840ed1,Ghartok Flayskull,Blades of Khorne: Bloodbound,Magore's Fiends,chaos,4,4,16,['bulwark'],95,3,4,2,1,0,axe,3,,,,,,,
987,48ebc78c,Zharkus the Bloodsighted,Blades of Khorne: Bloodbound,Magore's Fiends,chaos,4,4,16,['bulwark'],95,3,4,2,1,0,axe,3,,,,,,,
988,36cbb938,Magore Redhand,Blades of Khorne: Bloodbound,Magore's Fiends,chaos,4,4,26,['hero'],155,4,4,2,1,0,axe,4,,,,,,,
989,47baf393,Riptooth,Blades of Khorne: Bloodbound,Magore's Fiends,chaos,8,4,22,['beast'],185,4,4,2,1,0,fangs,4,,,,,,,
990,gi2vc1re,Deathbringer,Blades of Khorne: Bloodbound,,chaos,4,5,26,"['hero', 'warrior']",180,3,4,3,1,0,axe,5,,,,,,,
991,64mdxku6,Realmgore Ritualist,Blades of Khorne: Bloodbound,,chaos,4,3,18,"['hero', 'priest', 'mystic']",130,3,4,2,1,0,dagger,4,,,,,,,
992,d20f8ed3,Kamandora,Blades of Khorne: Bloodbound,Kamandora's Blades,chaos,5,3,25,['hero'],90,4,5,1,1,0,dagger,2,,,,,,,
993,f34cc7da,Throkk,Blades of Khorne: Bloodbound,Kamandora's Blades,chaos,5,3,12,[],95,3,4,3,1,0,axe,3,,,,,,,
994,e77ca73d,Ghalista,Blades of Khorne: Bloodbound,Kamandora's Blades,chaos,5,3,12,[],70,3,3,1,1,0,dagger,3,,,,,,,
995,68e1ae42,Antro Krast,Blades of Khorne: Bloodbound,Kamandora's Blades,chaos,5,3,12,[],70,3,3,1,1,0,dagger,3,,,,,,,
996,8e677135,Kannat,Blades of Khorne: Bloodbound,Kamandora's Blades,chaos,6,3,6,['beast'],70,2,2,1,1,0,claws,3,,,,,,,
997,bb658018,Plaguebearer,Maggotkin of Nurgle: Daemons,,chaos,3,4,10,['warrior'],60,3,4,1,1,0,sword,3,,,,,,,
998,68ef25a4,Plagueridden,Maggotkin of Nurgle: Daemons,,chaos,3,4,15,"['hero', 'warrior']",90,4,4,2,1,0,sword,3,,,,,,,
999,64aee8cd,Nurglings,Maggotkin of Nurgle: Daemons,,chaos,5,3,20,['minion'],115,6,3,1,1,0,sword,3,,,,,,,
1000,384d1420,Poxbringer,Maggotkin of Nurgle: Daemons,,chaos,3,4,20,['hero'],130,4,5,2,1,0,sword,4,2.0,6.0,3.0,7.0,3.0,blast,3.0
1001,04b82f5a,Sloppity Bilepiper,Maggotkin of Nurgle: Daemons,,chaos,4,4,20,"['hero', 'agile']",130,3,4,2,1,0,sword,4,,,,,,,
1002,f252c741,Spoilpox Scrivener,Maggotkin of Nurgle: Daemons,,chaos,3,4,22,"['hero', 'champion']",135,2,5,3,2,0,fangs,5,,,,,,,
1003,872ffe2e,Beast of Nurgle,Maggotkin of Nurgle: Daemons,,chaos,4,4,30,"['beast', 'ferocious']",150,4,4,2,1,0,claws,4,,,,,,,
1004,67ae7666,Plague Drone,Maggotkin of Nurgle: Daemons,,chaos,6,4,30,"['fly', 'destroyer']",205,4,4,2,1,0,sword,4,,,,,,,
1005,f3ef89d8,Plaguebringer,Maggotkin of Nurgle: Daemons,,chaos,6,4,35,"['fly', 'hero', 'destroyer']",255,5,4,2,1,0,sword,4,,,,,,,
1006,h6aj4nmw,Phleghmus Potbelly,Maggotkin of Nurgle: Daemons,Grandfather's Gardeners,chaos,3,4,25,['hero'],160,4,5,2,2,0,club,4,,,,,,,
1007,0aa544kc,Bug-eye Dripterus,Maggotkin of Nurgle: Daemons,Grandfather's Gardeners,chaos,3,4,15,['icon-bearer'],85,3,2,2,2,0,club,4,,,,,,,
1008,ss2onktu,Slunge,Maggotkin of Nurgle: Daemons,Grandfather's Gardeners,chaos,3,4,10,['warrior'],55,3,2,2,1,0,sword,3,,,,,,,
1009,34be1gzm,Maggoty Strewg,Maggotkin of Nurgle: Daemons,Grandfather's Gardeners,chaos,3,4,10,['warrior'],60,3,2,2,2,0,scythe,3,,,,,,,
1010,ptlosfhz,Squort,Maggotkin of Nurgle: Daemons,Grandfather's Gardeners,chaos,4,3,6,"['beast', 'fly']",55,2,2,2,1,0,claws,2,,,,,,,
1011,39ee76bf,Initiate with Flameburst Pot,Scions of the Flame,,chaos,4,3,10,['trapper'],65,3,4,1,1,0,dagger,3,,,,,,,
1012,53e6f9b9,Initiate with Morning Star,Scions of the Flame,,chaos,4,3,10,[],65,3,4,1,3,0,reach,3,,,,,,,
1013,0763fc24,Initiate with Brazier Weapon,Scions of the Flame,,chaos,4,3,10,['trapper'],70,3,4,1,1,0,axe,4,,,,,,,
1014,4ec6ae25,Initiate with Hooked Axe,Scions of the Flame,,chaos,4,3,10,[],70,4,4,1,1,0,axe,3,,,,,,,
1015,5e849cc1,Fireborn with Sunblade and Kris,Scions of the Flame,,chaos,4,4,12,[],95,4,5,2,1,0,sword,3,,,,,,,
1016,89ae9d7f,Fireborn with Sunblade and Brazier Axe,Scions of the Flame,,chaos,4,4,12,[],105,4,4,2,1,0,axe,4,,,,,,,
1017,c398eaa8,Fireborn,Scions of the Flame,,chaos,4,4,12,['trapper'],110,4,4,2,1,0,axe,4,,,,,,,
1018,51a7d96c,Inferno Priest,Scions of the Flame,,chaos,4,4,15,['mystic'],120,3,4,2,2,0,club,4,3.0,4.0,2.0,6.0,0.0,blast,3.0
1019,40a57ff3,Immolator,Scions of the Flame,,chaos,5,4,18,['destroyer'],150,4,5,2,1,0,unarmed,4,,,,,,,
1020,d96f656f,Brazen Champion,Scions of the Flame,,chaos,4,4,18,['brute'],165,3,6,3,2,0,axe,5,,,,,,,
1021,21f028de,Blazing Lord,Scions of the Flame,,chaos,4,5,20,"['hero', 'brute']",200,4,6,2,2,0,sword,5,,,,,,,
1022,51f1b259,Cabalist,Corvus Cabal,,chaos,5,3,8,[],65,4,3,1,1,0,dagger,3,,,,,,,
1023,f9108003,Cabalist with Familiar,Corvus Cabal,,chaos,5,3,8,['scout'],70,4,3,1,1,0,axe,3,,,,,,,
1024,31adb845,Cabalist with Spear,Corvus Cabal,,chaos,5,3,8,[],80,4,4,1,2,0,spear,3,,,,,,,
1025,897013b5,Spire Stalker,Corvus Cabal,,chaos,5,4,15,['champion'],130,4,4,2,1,0,sword,4,,,,,,,
1026,1c34e766,Shadow Piercer,Corvus Cabal,,chaos,5,4,20,"['hero', 'scout']",170,4,5,2,1,0,sword,4,,,,,,,
1027,bdf29dcf,Shrike Talon,Corvus Cabal,,chaos,8,4,20,['agile'],170,5,4,2,1,0,claws,4,,,,,,,
1028,4a8e796c,Blood Whelp with Barb-Spear,Claws of Karanak,,chaos,5,3,12,['agile'],75,2,4,2,2,0,spear,4,,,,,,,
1029,31b6f571,Blood Whelp with Claw-Flail,Claws of Karanak,,chaos,5,3,12,['agile'],75,3,3,1,3,0,reach,4,,,,,,,
1030,5c857cbf,Brutaliser with Shredder Blade and Meat Hook,Claws of Karanak,,chaos,5,3,15,['terrifying'],105,3,5,2,1,0,axe,4,,,,,,,
1031,4e7ef80d,Brutaliser with Shredder Blades,Claws of Karanak,,chaos,5,3,15,[],110,4,4,2,1,0,axe,4,,,,,,,
1032,b2e7309e,Hound of Wrath,Claws of Karanak,,chaos,7,4,18,"['agile', 'beast']",150,5,4,2,1,0,claws,4,,,,,,,
1033,8fb0c3ff,Packlord,Claws of Karanak,,chaos,5,4,20,['hero'],185,5,5,2,1,0,axe,5,,,,,,,
1034,4ef0a642,Daemonette,Hedonites of Slaanesh: Daemons,,chaos,5,3,10,['warrior'],75,4,4,1,1,0,claws,3,,,,,,,
1035,4c1e8f56,Allurer,Hedonites of Slaanesh: Daemons,,chaos,5,3,15,"['hero', 'warrior']",125,5,4,2,1,0,axe,3,,,,,,,
1036,fc8f5205,Hellstrider with Claw-spear,Hedonites of Slaanesh: Daemons,,chaos,10,4,20,"['destroyer', 'mount']",135,3,4,1,2,0,claws,3,,,,,,,
1037,b3ecbae3,Hellstrider with Hellscourge,Hedonites of Slaanesh: Daemons,,chaos,10,4,20,['mount'],135,4,3,1,3,0,reach,3,,,,,,,
1038,833d0c28,Seeker of Slaanesh,Hedonites of Slaanesh: Daemons,,chaos,10,3,20,"['warrior', 'mount']",145,5,4,1,1,0,claws,3,,,,,,,
1039,c726dd68,Viceleader,Hedonites of Slaanesh: Daemons,,chaos,5,3,20,"['hero', 'warrior']",145,5,4,2,1,0,claws,3,2.0,6.0,3.0,7.0,3.0,blast,3.0
1040,fd9087c8,Fiend,Hedonites of Slaanesh: Daemons,,chaos,8,3,25,['agile'],160,4,4,2,1,0,claws,3,,,,,,,
1041,4781bd19,Infernal Enrapturess,Hedonites of Slaanesh: Daemons,,chaos,4,3,22,"['hero', 'mystic']",165,3,4,2,1,0,claws,3,4.0,4.0,1.0,15.0,3.0,blast,3.0
1042,705b68b8,Hellreaver with Claw-spear,Hedonites of Slaanesh: Daemons,,chaos,10,4,25,"['hero', 'destroyer', 'mount']",180,4,4,1,2,0,claws,3,,,,,,,
1043,3393e731,Heartseeker,Hedonites of Slaanesh: Daemons,,chaos,10,3,25,"['hero', 'warrior', 'mount']",195,5,4,2,1,0,claws,3,,,,,,,
1044,1afe3c1c,Blissbringer,Hedonites of Slaanesh: Daemons,,chaos,8,3,30,"['hero', 'agile']",205,5,4,2,1,0,claws,3,,,,,,,
1045,b4eae1e8,The Contorted Epitome,Hedonites of Slaanesh: Daemons,,chaos,10,3,25,"['hero', 'terrifying']",220,6,4,2,1,0,claws,3,2.0,6.0,3.0,7.0,3.0,blast,3.0
1046,a9593653,Vexmor,Hedonites of Slaanesh: Daemons,Thricefold Discord,chaos,3,6,25,"['hero', 'brute']",160,1,10,5,2,0,spear,10,,,,,,,
1047,9d52fbc0,Vashtiss the Coiled,Hedonites of Slaanesh: Daemons,Thricefold Discord,chaos,4,3,16,"['hero', 'mystic']",115,3,4,2,2,0,club,3,2.0,6.0,3.0,7.0,3.0,blast,3.0
1048,67c45005,"Lascivyr, the Bladed Blessing",Hedonites of Slaanesh: Daemons,Thricefold Discord,chaos,6,3,16,"['hero', 'frenzied']",135,6,3,2,1,0,dagger,3,,,,,,,
1049,5fde0ee8,Mirefolk Outcast with Bilewood Weapons,Rotmire Creed,,chaos,4,3,10,['scout'],65,4,3,1,1,0,club,3,,,,,,,
1050,ba18c8ea,Mirefolk Outcast with Bilewood Weapon and Shield,Rotmire Creed,,chaos,4,4,10,['scout'],75,3,4,1,2,0,spear,3,,,,,,,
1051,9eaa12db,Carrion Catcher with Snatcher-hook,Rotmire Creed,,chaos,4,4,12,"['scout', 'destroyer']",100,3,4,2,2,0,hook,4,,,,,,,
1052,1988c69e,Carrion Catcher with Impaler,Rotmire Creed,,chaos,4,4,12,['scout'],105,3,5,2,2,0,scythe,4,,,,,,,
1053,680fcbe7,Bloated one with Raker-claw and Hooked Net,Rotmire Creed,,chaos,4,4,18,"['brute', 'trapper']",140,4,5,2,1,0,claws,4,,,,,,,
1054,d3377614,Bloated One with Raker-claws,Rotmire Creed,,chaos,4,4,18,['brute'],145,5,5,2,1,0,claws,4,,,,,,,
1055,6407f2f9,Witherlord,Rotmire Creed,,chaos,4,4,20,"['hero', 'destroyer']",175,4,5,3,2,0,hook,4,,,,,,,
1056,2925e2c8,Darkoath Chieftain,Darkoath,,chaos,4,4,20,"['hero', 'ferocious']",140,4,5,2,1,0,sword,4,,,,,,,
1057,d84ac50b,Darkoath Warqueen,Darkoath,,chaos,4,5,20,"['hero', 'bulwark']",155,5,4,2,1,0,axe,4,,,,,,,
1058,9fe9a6ef,Darkoath Chieftain on Warsteed,Darkoath,,chaos,10,3,28,"['hero', 'mount', 'ferocious']",220,4,5,2,1,0,axe,4,,,,,,,
1059,1893ed13,Darkoath Fellrider With Javelin,Darkoath,,chaos,10,3,18,"['mount', 'scout']",125,4,3,1,1,0,axe,3,2.0,3.0,1.0,10.0,0.0,ranged,3.0
1060,f898a5dd,Marauder Champion,Darkoath,,chaos,4,4,18,"['hero', 'warrior']",100,5,3,1,1,0,axe,3,,,,,,,
1061,3e5c0f6a,Marauder Champion With Spear,Darkoath,,chaos,4,4,18,"['hero', 'warrior']",100,4,3,1,2,0,spear,3,,,,,,,
1062,b0ab3657,Fellrider Champion With Javelin,Darkoath,,chaos,10,3,20,"['hero', 'mount', 'scout']",145,4,3,1,1,0,axe,3,2.0,3.0,1.0,10.0,0.0,spear,4.0
1063,4541799a,Darkoath Marauder,Darkoath,,chaos,4,4,10,['warrior'],70,4,3,1,1,0,sword,3,,,,,,,
1064,071a6d6b,Fellrider Champion With Axe,Darkoath,,chaos,10,3,20,"['hero', 'mount', 'destroyer']",140,5,3,1,1,0,axe,3,,,,,,,
1065,55db755d,Darkoath Marauder With Spear,Darkoath,,chaos,4,4,10,['warrior'],70,3,3,1,2,0,spear,3,,,,,,,
1066,bc47956a,Darkoath Fellrider,Darkoath,,chaos,10,3,18,"['mount', 'destroyer']",110,4,3,1,1,0,sword,3,,,,,,,
1067,77ca7f82,Darkoath Wilderfiend,Darkoath,,chaos,6,5,35,['beast'],300,6,4,3,1,0,claws,5,,,,,,,
1068,c01ecd2d,Gunnar Brand,Darkoath,Brand's Oathbound,chaos,4,4,25,"['hero', 'berserker']",165,5,4,2,1,0,axe,4,,,,,,,
1069,5a7fe109,Singri Brand,Darkoath,Brand's Oathbound,chaos,10,3,25,"['mount', 'agile']",200,3,3,1,1,0,sword,3,2.0,4.0,2.0,18.0,0.0,ranged,4.0
1070,0e98c118,Warqueen Tanari,Darkoath,Brand's Oathbound,chaos,5,4,25,"['hero', 'elite']",185,5,4,2,1,0,spear,4,,,,,,,
1071,92a54ad7,Broken Nadja,Darkoath,Brand's Oathbound,chaos,3,3,15,['mystic'],95,2,2,1,1,0,spear,2,2.0,6.0,3.0,7.0,3.0,blast,2.0
1072,aa7bec1d,Dendrel Direbrand,Darkoath,Brand's Oathbound,chaos,4,4,18,['brute'],125,4,4,2,1,0,hammer,4,,,,,,,
1073,b7381b1e,Chaos Marauder with Barbarian Flail,Slaves to Darkness,,chaos,4,3,10,[],70,3,3,1,3,0,reach,3,,,,,,,
1074,a7fbdaeb,Chaos Marauder with Barbarian Axe and Darkwood Shield,Slaves to Darkness,,chaos,4,4,10,['bulwark'],70,2,3,1,1,0,axe,3,,,,,,,
1075,6f800d34,Chaos Warrior with Chaos Halberd and Chaos Runeshield,Slaves to Darkness,,chaos,4,6,15,['bulwark'],95,2,5,2,2,0,axe,4,,,,,,,
1076,c942dd0e,Marauder Chieftain,Slaves to Darkness,,chaos,4,3,15,['hero'],105,4,4,1,1,0,axe,4,,,,,,,
1077,3610764e,Chaos Warrior with Chaos Hand Weapon and Chaos Runeshield,Slaves to Darkness,,chaos,4,6,15,['bulwark'],100,3,4,2,1,0,axe,4,,,,,,,
1078,4833f2b4,Chaos Warrior with Chaos Greatblade,Slaves to Darkness,,chaos,4,5,15,[],105,3,4,2,1,0,axe,5,,,,,,,
1079,3fbb7d06,Chaos Warrior with Pair of Chaos Hand Weapons,Slaves to Darkness,,chaos,4,5,15,[],110,4,4,2,1,0,axe,4,,,,,,,
1080,19b6637d,Chaos Marauder Horseman with Barbarian Axe and Darkwood Shield,Slaves to Darkness,,chaos,10,4,18,['mount'],125,3,3,1,1,0,axe,3,,,,,,,
1081,58331927,Chaos Marauder Horseman with Marauder Flail,Slaves to Darkness,,chaos,10,3,18,['mount'],130,4,3,1,3,0,reach,3,,,,,,,
1082,123bab22,Chaos Marauder Horseman with Marauder Javelin and Darkwood Shield,Slaves to Darkness,,chaos,10,4,18,"['scout', 'mount']",140,3,4,1,2,0,spear,3,,,,,,,
1083,8036bff4,Chaos Sorcerer Lord,Slaves to Darkness,,chaos,4,4,22,"['hero', 'mystic']",150,3,4,1,2,0,club,3,2.0,6.0,3.0,7.0,3.0,blast,3.0
1084,d78bd02a,Aspiring Champion,Slaves to Darkness,,chaos,4,6,22,['hero'],155,4,4,2,1,0,axe,4,,,,,,,
1085,5de83880,Darkoath Chieftain,Slaves to Darkness,,chaos,4,4,20,"['hero', 'elite']",155,4,5,2,1,0,sword,4,,,,,,,
1086,01a3f1f8,Darkoath Warqueen,Slaves to Darkness,,chaos,4,5,20,"['hero', 'champion']",175,5,4,2,1,0,axe,4,,,,,,,
1087,7ed88e20,Exalted Hero of Chaos,Slaves to Darkness,,chaos,4,5,25,"['hero', 'champion']",185,4,5,2,1,0,axe,4,,,,,,,
1088,920598c8,Chaos Knight with Cursed Lance and Chaos Runeshield,Slaves to Darkness,,chaos,10,6,22,['mount'],195,3,5,2,2,0,spear,4,,,,,,,
1089,96d53b93,Chaos Knight with Ensorcelled Weapon and Chaos Runeshield,Slaves to Darkness,,chaos,10,6,22,['mount'],205,4,4,2,1,0,sword,4,,,,,,,
1090,8f999f26,Chaos Lord,Slaves to Darkness,,chaos,4,5,25,"['hero', 'champion']",180,4,5,2,2,0,spear,5,,,,,,,
1091,96bb2473,Horsemaster,Slaves to Darkness,,chaos,10,4,22,"['hero', 'mount']",215,4,4,2,1,0,axe,4,,,,,,,
1092,82f4a0cb,Doom Knight,Slaves to Darkness,,chaos,10,6,26,"['hero', 'mount']",250,4,5,2,2,0,reach,4,,,,,,,
1093,30bcd88b,Varanguard with Fellspear,Slaves to Darkness,,chaos,10,6,30,"['hero', 'terrifying', 'mount']",280,4,6,2,2,0,spear,4,,,,,,,
1094,c4c394e4,Chaos Lord on Daemonic Mount,Slaves to Darkness,,chaos,10,5,32,"['hero', 'agile', 'mount']",285,5,4,2,1,0,axe,4,,,,,,,
1095,bc727cbe,Varanguard with Daemonforged Blade,Slaves to Darkness,,chaos,10,6,30,"['hero', 'terrifying', 'mount']",285,3,6,3,1,0,sword,5,,,,,,,
1096,5edfa7b4,Varanguard with Ensorcelled weapon,Slaves to Darkness,,chaos,10,6,30,"['hero', 'terrifying', 'mount']",290,4,5,3,1,0,axe,4,,,,,,,
1097,f08f6892,Chaos Lord on Karkadrak,Slaves to Darkness,,chaos,8,6,38,"['hero', 'agile', 'mount']",375,5,5,3,2,0,spear,5,,,,,,,
1098,810bb2cc,Chaos Chosen Exalted Champion,Slaves to Darkness,,chaos,4,5,24,"['hero', 'warrior']",190,4,4,3,1,0,axe,5,,,,,,,
1099,f5bbf9d4,Thorakon with Goroan Falchion and Shield,Slaves to Darkness,,chaos,5,6,28,"['hero', 'ferocious']",210,4,4,2,1,0,sword,5,,,,,,,
1100,44766ee9,Thorakon with Goroan Great Axe,Slaves to Darkness,,chaos,5,5,28,"['hero', 'ferocious']",275,4,6,3,2,0,axe,5,,,,,,,
1101,ac1ef533,Chaos Chosen,Slaves to Darkness,,chaos,4,5,20,['warrior'],145,3,4,3,1,0,axe,5,,,,,,,
1102,09dc4fa3,Ogroid Theridon with Goroan Falchion and Shield,Slaves to Darkness,,chaos,5,6,28,['ferocious'],195,4,4,2,1,0,sword,5,,,,,,,
1103,c69e2171,Ogroid Theridon with Goroan Great Axe,Slaves to Darkness,,chaos,5,5,28,['ferocious'],220,3,6,3,2,0,axe,5,,,,,,,
1104,5b4489f1,Crimson Kheira,Slaves to Darkness,Gnarlspirit Pack,chaos,5,4,15,[],100,5,4,1,1,0,axe,3,,,,,,,
1105,6b09362e,Lupan Longcut,Slaves to Darkness,Gnarlspirit Pack,chaos,5,4,15,[],110,3,4,1,2,0,spear,4,2.0,4.0,1.0,8.0,0.0,ranged,4.0
1106,5485de5c,Gorl Spinehammer,Slaves to Darkness,Gnarlspirit Pack,chaos,4,4,18,[],120,3,5,2,1,0,hammer,5,,,,,,,
1107,90fd2d5a,Sarrakkar Blackwing,Slaves to Darkness,Gnarlspirit Pack,chaos,5,4,20,"['hero', 'fly']",185,3,4,2,2,0,mace,4,2.0,6.0,3.0,7.0,3.0,blast,3.0
1108,ed678a94,Grawl,Slaves to Darkness,Godsworn Hunt,chaos,6,3,6,['beast'],75,3,4,2,1,0,fangs,3,,,,,,,
1109,3583f198,Jagathra,Slaves to Darkness,Godsworn Hunt,chaos,5,3,10,['scout'],65,3,4,1,2,0,spear,3,,,,,,,
1110,0251c9f7,Grundann Blood-eye,Slaves to Darkness,Godsworn Hunt,chaos,4,4,10,[],90,3,4,2,1,0,axe,4,,,,,,,
1111,693114fb,Shond Head-claimer,Slaves to Darkness,Godsworn Hunt,chaos,4,4,10,[],90,4,4,2,1,0,sword,3,,,,,,,
1112,bb2ead5f,Ollo,Slaves to Darkness,Godsworn Hunt,chaos,4,4,10,['trapper'],80,2,3,1,1,0,unarmed,3,3.0,3.0,1.0,15.0,3.0,ranged,3.0
1113,11d1ed69,Theddra Skull-scryer,Slaves to Darkness,Godsworn Hunt,chaos,4,4,18,['hero'],150,3,4,1,2,0,club,3,2.0,6.0,3.0,7.0,3.0,blast,3.0
1114,abdace62,Dour Cragan,Slaves to Darkness,Khagra's Ravagers,chaos,4,5,16,[],125,4,4,2,1,0,axe,4,,,,,,,
1115,7ea88cee,Zarshia Bittersoul,Slaves to Darkness,Khagra's Ravagers,chaos,4,3,20,['mystic'],135,3,4,1,2,0,club,3,2.0,5.0,3.0,7.0,3.0,blast,3.0
1116,1a7714cb,Razek Godblessed,Slaves to Darkness,Khagra's Ravagers,chaos,4,6,16,['bulwark'],115,3,4,2,1,0,axe,4,,,,,,,
1117,ea6dd24f,Khagra the Usurper,Slaves to Darkness,Khagra's Ravagers,chaos,4,6,26,['hero'],195,4,5,2,1,0,mace,4,,,,,,,
1118,5c13b735,Chaos Warhound,chaos,,chaos,8,3,10,"['thrall', 'scout', 'beast']",85,3,3,1,1,0,fangs,3,,,,,,,
1119,42cd09a1,Raptoryx,chaos,,chaos,5,4,12,"['thrall', 'beast', 'berserker']",85,3,4,1,1,0,claws,4,,,,,,,
1120,4c982c53,Fury,chaos,,chaos,8,3,8,"['fly', 'thrall', 'sentience']",95,3,2,1,1,0,claws,3,,,,,,,
1121,3062e7a9,Chaos Spawn,chaos,,chaos,5,4,30,"['thrall', 'agile', 'beast']",170,4,4,2,1,0,fangs,4,,,,,,,
1122,ee042882,Razorgor,chaos,,chaos,8,4,25,"['thrall', 'beast', 'ferocious']",205,4,5,2,1,0,fangs,4,,,,,,,
1123,0014b0b1,Fomoroid Crusher,chaos,,chaos,5,6,35,"['ally', 'destroyer']",270,3,8,4,1,0,unarmed,6,,,,,,,
1124,10fcdb0b,Mindstealer Sphiranx,chaos,,chaos,8,5,30,"['ally', 'mystic']",260,4,5,2,1,0,claws,5,,,,,,,
1125,f2e9c403,Ogroid Myrmidon,chaos,,chaos,5,6,30,"['ally', 'champion']",275,3,8,4,2,0,spear,5,,,,,,,
1126,2137fdcf,Centaurion Marshal,chaos,,chaos,10,5,35,"['ally', 'icon-bearer', 'mount']",295,3,6,3,1,0,club,5,3.0,5.0,2.0,3.0,0.0,spear,6.0
1127,d695c03d,Cygor,chaos,,chaos,6,4,50,"['monster', 'terrifying']",415,4,8,4,2,0,unarmed,4,,,,,,,
1128,23768752,Chaos Gargant,chaos,,chaos,6,4,45,"['monster', 'brute']",420,4,8,4,2,0,club,5,,,,,,,
1129,858b966f,Mutalith Vortex Beast,chaos,,chaos,8,4,50,"['monster', 'trapper']",425,4,8,4,1,0,fangs,4,,,,,,,
1130,6d84da35,Ghorgon,chaos,,chaos,6,4,50,"['monster', 'frenzied']",445,5,10,4,2,0,unarmed,6,,,,,,,
1131,718e4ffe,Hell Pit Abomination,chaos,,chaos,6,4,55,"['monster', 'minion']",465,5,10,4,2,0,claws,4,,,,,,,
1132,c01737a3,Slaughterbrute,chaos,,chaos,8,4,50,"['monster', 'elite']",490,5,8,4,2,0,claws,4,,,,,,,
1133,4ddf17fb,Chimera,chaos,,chaos,12,4,45,"['fly', 'monster', 'bulwark']",515,6,10,5,2,0,fangs,6,,,,,,,
1134,96036a6f,Spider Swarm,Tarantulos Brood,,chaos,6,1,6,"['agile', 'beast']",50,4,2,1,1,0,fangs,1,,,,,,,
1135,54323fbf,Broodkin with Scythe and Spider Claw,Tarantulos Brood,,chaos,5,3,8,"['scout', 'sentience']",60,2,5,1,1,0,claws,4,2.0,4.0,1.0,2.0,0.0,scythe,3.0
1136,094de044,Broodkin,Tarantulos Brood,,chaos,5,3,8,"['scout', 'sentience']",65,4,3,1,1,0,sword,3,,,,,,,
1137,ac58a78d,Broodkin with Sai,Tarantulos Brood,,chaos,5,3,8,"['scout', 'sentience']",65,3,3,1,1,0,sword,4,,,,,,,
1138,c30a039d,Doomweaver with Flail and Goad,Tarantulos Brood,,chaos,5,3,10,"['sentience', 'agile']",105,4,4,2,1,0,axe,4,3.0,4.0,1.0,3.0,0.0,reach,3.0
1139,24c8b39e,Doomweaver with Trident and Net,Tarantulos Brood,,chaos,5,3,10,"['sentience', 'agile', 'trapper']",105,3,4,2,2,0,spear,4,,,,,,,
1140,c0252322,Broodmaster,Tarantulos Brood,,chaos,6,4,18,"['hero', 'sentience', 'agile']",180,5,4,2,1,0,sword,4,,,,,,,
1141,287ba04e,Pit Fighter with Net,Spire Tyrants,,chaos,4,3,10,['trapper'],65,4,3,1,1,0,sword,3,,,,,,,
1142,48c70d19,Pit Fighter with Punch Dagger,Spire Tyrants,,chaos,4,3,10,[],65,4,4,1,1,0,dagger,3,,,,,,,
1143,7ba499b7,Pit Fighter with Spear,Spire Tyrants,,chaos,4,3,10,[],65,3,4,1,2,0,spear,3,,,,,,,
1144,ab224749,Frenzied Rager,Spire Tyrants,,chaos,3,4,15,['warrior'],95,4,4,2,1,0,sword,4,,,,,,,
1145,7e7475df,Pit Veteran with Shield,Spire Tyrants,,chaos,4,5,12,"['warrior', 'bulwark']",100,3,4,2,1,0,sword,4,,,,,,,
1146,2626a25d,Pit Veteran with Dual Weapons,Spire Tyrants,,chaos,4,4,12,['warrior'],105,4,4,2,1,0,sword,4,,,,,,,
1147,4fcac576,Headclaimer,Spire Tyrants,,chaos,4,4,15,['brute'],135,4,5,2,1,0,axe,5,,,,,,,
1148,730e4623,Bestigor Destroyer,Spire Tyrants,,chaos,4,4,18,['brute'],145,3,6,3,1,0,mace,5,,,,,,,
1149,b371dd35,Pit Champion,Spire Tyrants,,chaos,4,4,22,['hero'],170,4,5,2,1,0,sword,5,4.0,4.0,1.0,3.0,0.0,reach,4.0
1150,610ecc78,Hornshield with Axe,Chaos Legionnaires,,chaos,4,5,12,['bulwark'],95,3,4,1,1,0,axe,5,,,,,,,
1151,bf85f674,Hornshield with Sword,Chaos Legionnaires,,chaos,4,5,12,['bulwark'],95,4,3,1,1,0,sword,4,,,,,,,
1152,75ab8126,Hornshield with Mace,Chaos Legionnaires,,chaos,4,5,12,['bulwark'],100,3,4,2,1,0,mace,4,,,,,,,
1153,d6cae2e5,Hornhelm with Darkiron Mace,Chaos Legionnaires,,chaos,4,4,18,['brute'],120,3,5,3,1,0,mace,4,,,,,,,
1154,0c7614aa,Hornhelm with Steelbite Axe,Chaos Legionnaires,,chaos,4,4,18,['brute'],125,3,6,2,1,0,axe,5,,,,,,,
1155,5c4182c6,Mutandor,Chaos Legionnaires,,chaos,5,4,18,['berserker'],145,3,5,2,2,0,spear,5,,,,,,,
1156,7b5234d0,Decuriarch,Chaos Legionnaires,,chaos,4,5,22,"['hero', 'bulwark']",170,4,5,2,1,0,sword,4,,,,,,,
1157,fa54ab0a,Mindbound,Cypher Lords,,chaos,5,3,10,['minion'],70,4,3,1,1,0,sword,3,,,,,,,
1158,04d47ae9,Mindbound with Double-bladed Sword,Cypher Lords,,chaos,5,3,10,"['destroyer', 'minion']",80,3,4,1,2,0,sword,3,,,,,,,
1159,dd2d2743,Mirrorblade with Duelling Swords,Cypher Lords,,chaos,5,3,10,['minion'],120,5,4,2,1,0,sword,4,,,,,,,
1160,aecf9289,Mirrorblade with Glaive,Cypher Lords,,chaos,5,3,10,"['minion', 'destroyer']",125,4,5,2,2,0,spear,4,,,,,,,
1161,4db1881d,Luminate,Cypher Lords,,chaos,5,4,15,['mystic'],175,5,5,2,2,0,spear,4,,,,,,,
1162,ea241336,Thrallmaster,Cypher Lords,,chaos,5,4,20,"['hero', 'mystic']",205,5,6,2,1,0,unarmed,4,,,,,,,
1163,a0c7c03d,Putrid Blightking with Blighted Weapon,Maggotkin of Nurgle: Rotbringers,,chaos,3,4,25,[],110,3,4,2,1,0,axe,4,,,,,,,
1164,5e06958f,Putrid Blightking with Filth-encrusted Shield,Maggotkin of Nurgle: Rotbringers,,chaos,3,5,25,[],110,2,4,2,1,0,axe,4,,,,,,,
1165,693c826f,Putrid Blightking Icon Bearer,Maggotkin of Nurgle: Rotbringers,,chaos,3,4,25,['icon-bearer'],115,3,4,2,1,0,sword,4,,,,,,,
1166,c4653f51,Putrid Blightking with Sonorous Tocsin,Maggotkin of Nurgle: Rotbringers,,chaos,3,4,25,['champion'],120,4,4,1,2,0,reach,4,,,,,,,
1167,b5374eef,Rotbringer Sorcerer,Maggotkin of Nurgle: Rotbringers,,chaos,3,3,22,"['hero', 'mystic']",125,3,4,1,2,0,club,3,2.0,6.0,3.0,7.0,3.0,blast,3.0
1168,8391675f,Putrid Blightking Blightlord,Maggotkin of Nurgle: Rotbringers,,chaos,3,4,30,['hero'],135,3,5,2,1,0,axe,4,,,,,,,
1169,8ad9b33a,Lord of Blights,Maggotkin of Nurgle: Rotbringers,,chaos,3,5,32,"['hero', 'bulwark']",160,3,5,2,1,0,hammer,4,,,,,,,
1170,167f9948,Lord of Plagues,Maggotkin of Nurgle: Rotbringers,,chaos,3,4,32,['hero'],160,3,5,3,1,0,axe,5,,,,,,,
1171,f1437afa,Harbinger of Decay,Maggotkin of Nurgle: Rotbringers,,chaos,6,4,25,"['hero', 'terrifying', 'mount']",165,4,4,2,2,0,scythe,4,,,,,,,
1172,537fc489,Pusgoyle Blightlord,Maggotkin of Nurgle: Rotbringers,,chaos,6,4,38,"['destroyer', 'fly']",260,4,5,2,2,0,scythe,5,,,,,,,
1173,cfb33ba1,Lord of Afflictions,Maggotkin of Nurgle: Rotbringers,,chaos,6,4,42,"['fly', 'hero', 'destroyer']",320,4,5,3,2,0,axe,5,,,,,,,
1174,d22aa232,Sepsimus the Plaguesworn,Maggotkin of Nurgle: Rotbringers,The Wurmspat,chaos,3,4,26,[],110,3,5,1,2,0,spear,4,,,,,,,
1175,6ecb17bc,Ghulgoch the Butcher,Maggotkin of Nurgle: Rotbringers,The Wurmspat,chaos,3,4,26,['beast'],100,4,4,2,1,0,axe,4,,,,,,,
1176,7d372b98,Fecula Flyblown,Maggotkin of Nurgle: Rotbringers,The Wurmspat,chaos,3,4,28,"['hero', 'mystic']",170,3,4,1,2,0,club,4,2.0,6.0,3.0,7.0,3.0,blast,3.0
1177,75a035fc,Harbinger of Decay with Doom Bell,Maggotkin of Nurgle: Rotbringers,,chaos,6,4,25,"['hero', 'priest']",150,3,4,2,1,0,scythe,3,,,,,,,
1178,03d1baed,Blissbrew Homonculus,Hedonites of Slaanesh: Sybarites,,chaos,5,3,8,['priest'],60,3,3,1,1,0,dagger,3,,,,,,,
1179,168a6cb0,Blissbarb Archer,Hedonites of Slaanesh: Sybarites,,chaos,5,3,8,['minion'],95,3,3,1,1,0,dagger,3,2.0,3.0,1.0,15.0,3.0,ranged,3.0
1180,2dba4b10,Myrmidesh Painbringer,Hedonites of Slaanesh: Sybarites,,chaos,4,5,15,['warrior'],105,4,4,2,1,0,axe,3,,,,,,,
1181,bf86fea4,Symbaresh Twinsoul with Excruciator Lash,Hedonites of Slaanesh: Sybarites,,chaos,4,4,15,['berserker'],110,4,4,2,3,0,reach,3,,,,,,,
1182,ea1c2b1f,Symbaresh Twinsoul with Merciless Blades,Hedonites of Slaanesh: Sybarites,,chaos,4,4,15,['berserker'],115,4,4,2,1,0,dagger,4,,,,,,,
1183,9e5e5f07,Shardspeaker,Hedonites of Slaanesh: Sybarites,,chaos,4,3,18,"['hero', 'mystic']",120,3,4,1,2,0,mace,3,2.0,6.0,3.0,7.0,3.0,blast,3.0
1184,c51bcc25,Symbaresh Twinsoul with Sinful Cleaver,Hedonites of Slaanesh: Sybarites,,chaos,4,4,15,['berserker'],120,3,4,2,2,0,sword,5,,,,,,,
1185,5e909a8f,Blissbarb Archer High Tempter,Hedonites of Slaanesh: Sybarites,,chaos,5,3,12,"['hero', 'minion']",130,3,3,1,1,0,dagger,3,3.0,4.0,1.0,15.0,3.0,ranged,3.0
1186,79dc3dd7,Hellstrider with Claw-spear,Hedonites of Slaanesh: Sybarites,,chaos,10,4,20,"['destroyer', 'mount']",135,3,4,1,2,0,claws,3,,,,,,,
1187,9b0d02db,Hellstrider with Hellscourge,Hedonites of Slaanesh: Sybarites,,chaos,10,4,20,['mount'],135,4,3,1,3,0,reach,3,,,,,,,
1188,555286c1,Blissbarb Seeker,Hedonites of Slaanesh: Sybarites,,chaos,10,3,20,"['minion', 'mount']",150,4,3,1,1,0,dagger,3,2.0,3.0,1.0,15.0,3.0,ranged,3.0
1189,f5c793b2,Myrmidesh Painmaster,Hedonites of Slaanesh: Sybarites,,chaos,4,5,20,"['hero', 'warrior']",155,4,4,2,1,0,sword,4,,,,,,,
1190,bb2686c1,Slickblade Seeker,Hedonites of Slaanesh: Sybarites,,chaos,10,3,20,"['destroyer', 'mount']",155,3,4,2,2,0,spear,4,,,,,,,
1191,e1fe8f0c,Symbaresh Egopomp,Hedonites of Slaanesh: Sybarites,,chaos,4,4,20,"['hero', 'berserker']",170,4,4,2,2,0,club,5,,,,,,,
1192,04f47524,Slaangor Fiendblood,Hedonites of Slaanesh: Sybarites,,chaos,6,4,20,['ferocious'],175,4,5,2,2,0,claws,4,,,,,,,
1193,7db57db5,Hellreaver with Claw-spear,Hedonites of Slaanesh: Sybarites,,chaos,10,4,25,"['hero', 'destroyer', 'mount']",180,4,4,1,2,0,claws,3,,,,,,,
1194,c66de627,Blissbarb Seeker High Tempter,Hedonites of Slaanesh: Sybarites,,chaos,10,3,25,"['hero', 'minion', 'mount']",190,4,3,1,1,0,dagger,3,3.0,4.0,1.0,15.0,3.0,ranged,3.0
1195,7fa98aed,Slickblade Hunter-seeker,Hedonites of Slaanesh: Sybarites,,chaos,10,3,25,"['hero', 'destroyer', 'mount']",205,4,4,2,2,0,spear,4,,,,,,,
1196,d5e2d41f,Lord of Pain,Hedonites of Slaanesh: Sybarites,,chaos,4,4,25,"['hero', 'champion']",220,4,5,3,2,0,club,5,,,,,,,
1197,e5a9439b,Slaangor Slake-horn,Hedonites of Slaanesh: Sybarites,,chaos,6,4,25,"['hero', 'ferocious']",225,4,5,3,2,0,axe,4,,,,,,,
1198,282ca0b9,Lord of Hubris,Hedonites of Slaanesh: Sybarites,,chaos,5,4,20,"['hero', 'bulwark']",155,4,3,2,1,0,sword,4,,,,,,,
1199,46b82fd9,Glissete,Hedonites of Slaanesh: Sybarites,The Dread Pageant,chaos,5,3,12,[],105,4,5,2,2,0,spear,3,,,,,,,
1200,2474ebef,Hadzu,Hedonites of Slaanesh: Sybarites,The Dread Pageant,chaos,5,3,12,['minion'],115,3,3,1,1,0,dagger,3,3.0,4.0,1.0,15.0,3.0,ranged,3.0
1201,4d45a60c,Slakeslash,Hedonites of Slaanesh: Sybarites,The Dread Pageant,chaos,6,4,22,['ferocious'],200,4,6,3,1,0,sword,4,,,,,,,
1202,7d2bf181,Vasillac the Gifted,Hedonites of Slaanesh: Sybarites,The Dread Pageant,chaos,5,5,26,"['hero', 'warrior']",200,4,5,2,2,0,spear,4,,,,,,,
1203,18631d5e,Shatterer,Horns of Hashut,,chaos,4,3,10,[],60,3,4,1,2,0,spear,3,,,,,,,
1204,c723653b,Demolisher with Crushing Weapon and Shield,Horns of Hashut,,chaos,4,5,12,['warrior'],105,3,4,2,1,0,club,3,,,,,,,
1205,270f5b6c,Demolisher with Crushing Weapons,Horns of Hashut,,chaos,4,4,12,['warrior'],105,4,4,2,1,0,club,3,,,,,,,
1206,43f8944f,Demolisher with Flamehurler,Horns of Hashut,,chaos,4,4,12,"['frenzied', 'warrior']",140,2,3,1,1,0,unarmed,3,3.0,5.0,1.0,6.0,0.0,blast,5.0
1207,3334417c,Ruinator,Horns of Hashut,,chaos,4,4,15,"['brute', 'warrior']",125,4,4,2,1,0,bident,4,,,,,,,
1208,a8ec49c8,Ruinator Alpha with Heavy Flail,Horns of Hashut,,chaos,4,4,20,"['brute', 'hero', 'warrior']",165,4,4,2,2,0,club,4,,,,,,,
1209,6e00cdd3,Ruinator Alpha with War Bident,Horns of Hashut,,chaos,4,4,20,"['brute', 'hero', 'warrior']",165,3,5,2,2,0,bident,4,,,,,,,
1210,133ee416,War Despot,Helsmiths of Hashut,,chaos,3,5,25,"['hero', 'champion', 'warrior']",175,4,4,2,2,0,spear,4,,,,,,,
1211,5ee9a5e0,Infernal Cohort with Hashutite Spear,Helsmiths of Hashut,,chaos,3,5,12,"['bulwark', 'warrior']",85,3,4,2,2,0,spear,3,,,,,,,
1212,573590bd,Daemonsmith,Helsmiths of Hashut,,chaos,3,4,20,"['hero', 'mystic', 'warrior']",125,2,3,2,1,0,unarmed,4,2.0,6.0,3.0,7.0,3.0,blast,3.0
1213,5ce80e21,Infernal Cohort Musician,Helsmiths of Hashut,,chaos,3,4,12,"['icon-bearer', 'warrior']",85,2,3,2,1,0,mace,4,,,,,,,
1214,fbdefebf,Ashen Elder,Helsmiths of Hashut,,chaos,3,4,20,"['hero', 'priest', 'warrior']",140,3,3,2,2,0,mace,4,2.0,6.0,3.0,7.0,3.0,blast,3.0
1215,011c2971,Bull Centaur,Helsmiths of Hashut,,chaos,9,4,18,"['mount', 'ferocious', 'warrior']",180,5,3,2,1,0,mace,4,,,,,,,
1216,046dcdeb,Infernal Razer with Blunderbuss,Helsmiths of Hashut,,chaos,3,4,12,"['elite', 'warrior']",155,2,3,1,1,0,unarmed,3,2.0,4.0,2.0,15.0,6.0,ranged,5.0
1217,43c1ca00,Anointed Sentinel,Helsmiths of Hashut,,chaos,9,4,18,"['mount', 'berserker', 'warrior']",190,4,4,2,2,0,axe,5,,,,,,,
1218,391e3600,Infernal Razer with Flamehurler,Helsmiths of Hashut,,chaos,3,4,12,"['destroyer', 'warrior']",125,2,3,1,1,0,unarmed,3,6.0,2.0,2.0,6.0,0.0,blast,1.0
1219,8025a155,Dominator Engine with Bane Maces,Helsmiths of Hashut,,chaos,5,7,40,"['terrifying', 'warrior']",295,4,6,3,2,0,mace,8,,,,,,,
1220,90b11c12,Hobgrot Vandal,Helsmiths of Hashut,,chaos,3,3,8,['minion'],65,2,3,1,1,0,dagger,3,,,,,,,
1221,a2990818,Dominator Engine with Immolation Cannon,Helsmiths of Hashut,,chaos,5,7,40,"['terrifying', 'warrior']",300,2,4,3,1,0,unarmed,5,12.0,2.0,2.0,5.0,0.0,blast,2.0
1222,52d1f33b,Infernal Cohort with Hashutite Blade,Helsmiths of Hashut,,chaos,3,5,12,"['bulwark', 'warrior']",85,3,3,2,1,0,sword,4,,,,,,,
1223,54b7d03c,Zuldrakka,Helsmiths of Hashut,Blood of the Bull,chaos,3,5,25,"['hero', 'warrior']",175,4,4,2,2,0,sword,4,,,,,,,
1224,a903f7d8,Imnidrin,Helsmiths of Hashut,Blood of the Bull,chaos,3,4,12,"['frenzied', 'warrior']",90,2,3,2,1,0,dagger,4,,,,,,,
1225,8d0fa235,Morudok,Helsmiths of Hashut,Blood of the Bull,chaos,3,4,12,"['brute', 'warrior']",90,3,3,2,1,0,mace,4,,,,,,,
1226,f7b41e09,Tokkor,Helsmiths of Hashut,Blood of the Bull,chaos,3,4,12,"['scout', 'warrior']",125,2,3,1,1,0,dagger,3,6.0,2.0,2.0,6.0,0.0,blast,1.0
1227,6ac3d57e,Grisk,Helsmiths of Hashut,Blood of the Bull,chaos,4,3,8,['minion'],75,2,3,1,1,0,dagger,3,,,,,,,
1228,1655db3c,Gor with Pair of Gor Blades,Beasts of Chaos,,chaos,5,3,10,[],60,3,3,1,1,0,axe,3,,,,,,,
1229,d669a472,Ungor with Ungor Blade and Half-shield,Beasts of Chaos,,chaos,5,4,8,[],60,2,3,1,1,0,club,3,,,,,,,
1230,c116073a,Ungor with Gnarled Shortspear and Half-shield,Beasts of Chaos,,chaos,5,4,8,[],60,2,4,1,2,0,spear,3,,,,,,,
1231,b8f9a8a2,Gor with Gor Blade and Beastshield,Beasts of Chaos,,chaos,5,4,10,[],65,2,3,1,1,0,axe,3,,,,,,,
1232,8c7144ee,Ungor Raider,Beasts of Chaos,,chaos,5,3,8,['scout'],90,2,3,1,1,0,sword,3,2.0,3.0,1.0,15.0,3.0,ranged,3.0
1233,2e8a3461,Ungor Halfhorn,Beasts of Chaos,,chaos,5,4,12,['hero'],95,3,4,2,1,0,sword,3,,,,,,,
1234,92cac2c6,Bestigor,Beasts of Chaos,,chaos,5,4,12,['warrior'],100,3,4,2,1,0,axe,4,,,,,,,
1235,bb4c44db,Centigor,Beasts of Chaos,,chaos,10,4,18,['mount'],120,2,4,1,2,0,spear,4,,,,,,,
1236,febce640,Ungor Raider Halfhorn,Beasts of Chaos,,chaos,5,3,12,"['hero', 'scout']",120,3,4,2,1,0,sword,3,2.0,3.0,1.0,15.0,3.0,ranged,3.0
1237,61f081de,Foe-render,Beasts of Chaos,,chaos,5,4,15,['hero'],140,4,4,2,1,0,axe,4,,,,,,,
1238,63978f39,Great Bray-Shaman,Beasts of Chaos,,chaos,5,4,20,"['hero', 'mystic']",145,3,4,1,2,0,club,3,2.0,6.0,3.0,7.0,3.0,blast,3.0
1239,018a026d,Gouge-horn,Beasts of Chaos,,chaos,5,4,16,"['hero', 'warrior']",155,4,5,2,1,0,axe,4,,,,,,,
1240,f59c732e,Bullgor with Axe and Bullshield,Beasts of Chaos,,chaos,5,5,30,['brute'],175,3,4,2,1,0,axe,5,,,,,,,
1241,9562ae71,Beastlord,Beasts of Chaos,,chaos,5,4,22,"['hero', 'champion']",180,5,4,2,1,0,axe,4,,,,,,,
1242,9f759b99,Bullgor with Paired Bullgor Axes,Beasts of Chaos,,chaos,5,4,30,['brute'],185,4,4,2,1,0,axe,5,,,,,,,
1243,557a1d35,Gorehoof,Beasts of Chaos,,chaos,10,4,22,"['hero', 'mount']",185,3,4,2,2,0,spear,4,,,,,,,
1244,17e0e811,Bullgor with Bullgor Great Axe,Beasts of Chaos,,chaos,5,4,30,['brute'],195,3,6,3,1,0,axe,5,,,,,,,
1245,95403f6b,Dragon Ogor with Draconic Crusher,Beasts of Chaos,,chaos,6,4,30,['destroyer'],200,3,6,3,1,0,club,4,,,,,,,
1246,5bf4ceb8,Dragon Ogor with Draconic War-glaive,Beasts of Chaos,,chaos,6,4,30,['destroyer'],205,4,5,2,2,0,spear,4,,,,,,,
1247,c02e9e9b,Dragon Ogor with Paired Ancient Weapons,Beasts of Chaos,,chaos,6,4,30,['destroyer'],210,5,4,2,1,0,club,4,,,,,,,
1248,6ecdea98,Bloodkine with Bullgor Axe and Bullshield,Beasts of Chaos,,chaos,5,5,35,"['hero', 'brute']",215,3,5,2,1,0,axe,5,,,,,,,
1249,c5b9b447,Bloodkine with Bullgor Great Axe,Beasts of Chaos,,chaos,5,4,35,"['hero', 'brute']",235,3,8,3,1,0,axe,5,,,,,,,
1250,913e6113,Bloodkine with Paired Bullgor Axes,Beasts of Chaos,,chaos,5,4,35,"['hero', 'brute']",245,5,5,2,1,0,axe,5,,,,,,,
1251,109c933d,Cockatrice,Beasts of Chaos,,chaos,10,4,30,"['fly', 'beast', 'berserker']",250,4,5,2,1,0,claws,4,,,,,,,
1252,f8397db2,Dragon Ogor Shaggoth,Beasts of Chaos,,chaos,6,4,35,"['hero', 'destroyer']",260,3,6,3,2,0,axe,5,,,,,,,
1253,c610c60b,Doombull,Beasts of Chaos,,chaos,5,4,38,"['hero', 'brute']",280,4,8,3,1,0,axe,5,,,,,,,
1254,526c3638,Korsh 'the Sneak',Beasts of Chaos,Grashrak's Despoilers,chaos,5,3,10,[],65,3,4,1,2,0,spear,3,,,,,,,
1255,ee7ac29e,Murghoth Half-Horn,Beasts of Chaos,Grashrak's Despoilers,chaos,5,3,10,[],65,3,4,1,2,0,spear,3,,,,,,,
1256,c037429d,Gnarl,Beasts of Chaos,Grashrak's Despoilers,chaos,5,3,10,['scout'],85,2,3,1,1,0,dagger,3,2.0,3.0,1.0,15.0,3.0,ranged,3.0
1257,d44b75b4,Ushkor,Beasts of Chaos,Grashrak's Despoilers,chaos,5,3,10,['scout'],85,2,3,1,1,0,dagger,3,2.0,3.0,1.0,15.0,3.0,ranged,3.0
1258,6d70c1b4,Draknar,Beasts of Chaos,Grashrak's Despoilers,chaos,5,4,18,['warrior'],125,3,5,2,1,0,axe,4,,,,,,,
1259,c810fb18,Grashrak Fellhoof,Beasts of Chaos,Grashrak's Despoilers,chaos,5,4,25,"['hero', 'mystic']",185,3,4,2,2,0,club,3,2.0,6.0,3.0,7.0,3.0,blast,3.0
1260,f728815d,Clanrat with Rusty Blade,Skaven,,chaos,6,4,8,['agile'],70,3,3,1,1,0,dagger,3,,,,,,,
1261,80f86a7a,Clanrat with Rusty Spear,Skaven,,chaos,6,4,8,['agile'],70,2,4,1,2,0,spear,3,,,,,,,
1262,20d424eb,Giant Rat,Skaven,,chaos,8,2,4,"['agile', 'beast']",70,3,3,1,1,0,fangs,3,,,,,,,
1263,d5eac4fc,Packmaster,Skaven,,chaos,6,3,8,"['agile', 'frenzied']",75,3,3,1,1,0,fangs,3,3.0,2.0,1.0,3.0,0.0,reach,3.0
1264,df8f7c83,Night Runner,Skaven,,chaos,6,3,8,['agile'],75,3,3,1,1,0,dagger,3,2.0,2.0,1.0,8.0,0.0,ranged,3.0
1265,84cedf20,Plague Monk with Pair of Foetid Blades,Skaven,,chaos,6,3,8,['agile'],80,4,4,1,1,0,dagger,3,,,,,,,
1266,8f86d542,Plague Monk with Foetid Blade and Woe-stave,Skaven,,chaos,6,3,8,['agile'],80,3,5,1,2,0,club,3,,,,,,,
1267,4156d1fd,Skryre Acolyte,Skaven,,chaos,6,3,8,"['destroyer', 'agile']",80,2,2,1,1,0,dagger,3,1.0,6.0,3.0,5.0,3.0,blast,4.0
1268,d391a8ce,Stormvermin with Rusty Halberd and Clanshield,Skaven,,chaos,6,5,10,['elite'],80,2,4,2,2,0,spear,3,,,,,,,
1269,15f03e41,Gutter Runner,Skaven,,chaos,6,3,10,['agile'],90,4,4,1,1,0,dagger,3,2.0,3.0,1.0,8.0,0.0,ranged,3.0
1270,daff26cb,Stormvermin with Rusty Halberd,Skaven,,chaos,6,4,10,['elite'],95,3,4,2,2,0,spear,3,,,,,,,
1271,0fd4eed6,Plague Censer Bearer,Skaven,,chaos,6,3,8,"['agile', 'berserker']",105,3,4,2,2,0,reach,4,,,,,,,
1272,c7735c8b,Warpfire Thrower,Skaven,,chaos,6,3,12,['destroyer'],110,3,4,1,8,0,blast,4,,,,,,,
1273,74be2141,Clawleader,Skaven,,chaos,6,4,12,"['hero', 'agile']",125,4,4,2,1,0,sword,3,,,,,,,
1274,7c4a6a31,Master Moulder,Skaven,,chaos,6,3,18,"['hero', 'agile', 'frenzied']",125,3,4,2,1,0,fangs,3,3.0,3.0,1.0,3.0,0.0,reach,3.0
1275,a97747f9,Nightleader,Skaven,,chaos,6,3,12,"['hero', 'agile', 'scout']",125,4,4,2,1,0,dagger,3,3.0,3.0,1.0,8.0,0.0,ranged,3.0
1276,31f3d830,Bringer of the Word,Skaven,,chaos,6,4,12,"['hero', 'agile', 'priest']",130,4,4,2,1,0,dagger,3,,,,,,,
1277,8aa49881,Warlock Engineer,Skaven,,chaos,6,3,18,"['hero', 'agile', 'destroyer']",130,3,4,2,1,0,spear,3,2.0,4.0,1.0,8.0,0.0,ranged,3.0
1278,5020dd5c,Grey Seer,Skaven,,chaos,6,3,18,"['hero', 'agile', 'mystic']",140,3,4,1,2,0,club,3,2.0,6.0,3.0,7.0,3.0,blast,3.0
1279,531c33c2,Fangleader,Skaven,,chaos,6,4,15,['hero'],150,4,4,2,1,0,axe,4,,,,,,,
1280,4d4a5839,Plague Priest,Skaven,,chaos,6,4,18,"['hero', 'agile', 'priest']",150,4,4,2,2,0,club,3,,,,,,,
1281,99047314,Warp-Grinder,Skaven,,chaos,6,3,12,['destroyer'],150,4,5,2,1,0,unarmed,5,,,,,,,
1282,747431b9,Warplock Jezzail,Skaven,,chaos,6,3,12,['destroyer'],150,2,2,1,1,0,unarmed,3,1.0,10.0,4.0,20.0,6.0,ranged,4.0
1283,5de3e496,Arch-Warlock,Skaven,,chaos,6,4,18,"['hero', 'agile', 'destroyer']",170,3,4,2,2,0,axe,5,,,,,,,
1284,dfaaf88f,Warlock Bombardier,Skaven,,chaos,6,3,18,"['hero', 'agile', 'destroyer']",170,2,3,1,1,0,unarmed,3,2.0,4.0,2.0,15.0,6.0,ranged,4.0
1285,0da61b10,Clawlord,Skaven,,chaos,6,4,18,"['hero', 'agile']",175,4,5,2,1,0,sword,4,,,,,,,
1286,6493724a,Deathmaster,Skaven,,chaos,7,3,18,"['hero', 'agile', 'scout']",185,5,4,2,1,0,dagger,4,3.0,4.0,1.0,8.0,0.0,ranged,3.0
1287,4d8fc458,Doom-Flayer,Skaven,,chaos,7,4,18,"['destroyer', 'mount']",190,5,4,2,1,0,dagger,5,,,,,,,
1288,6e76e882,Rat Ogor [retired],Skaven,,chaos,5,4,28,"['brute', 'beast']",225,4,8,4,1,0,claws,4,,,,,,,
1289,bf8a98c6,Rat Ogor with Warpfire Gun [retired],Skaven,,chaos,5,4,28,"['brute', 'beast']",225,3,8,4,1,0,claws,4,2.0,6.0,3.0,15.0,3.0,ranged,5.0
1290,692838fa,Stormfiend with Warpfire projectors,Skaven,,chaos,5,5,35,['brute'],240,3,8,4,1,0,unarmed,4,2.0,6.0,3.0,8.0,3.0,ranged,5.0
1291,7371a259,Stormfiend with Windlaunchers,Skaven,,chaos,5,5,35,['brute'],240,3,8,4,1,0,unarmed,4,2.0,4.0,2.0,20.0,3.0,ranged,4.0
1292,d1320795,Stormfiend with Ratling cannons,Skaven,,chaos,5,5,35,['brute'],245,3,8,4,1,0,unarmed,4,4.0,4.0,2.0,10.0,3.0,ranged,4.0
1293,b3a86075,Stormfiend with Doomflayer gauntlets,Skaven,,chaos,5,5,35,['brute'],270,5,8,4,1,0,unarmed,4,,,,,,,
1294,40d13b03,Stormfiend with Grinderfists,Skaven,,chaos,5,5,35,['brute'],270,4,8,4,1,0,unarmed,5,,,,,,,
1295,b3b9dd85,Stormfiend with Shock Gauntlets,Skaven,,chaos,5,5,35,['brute'],270,4,10,4,1,0,unarmed,4,,,,,,,
1296,26afa1a8,Skritter,Skaven,Skabbik's Plaguepack,chaos,8,2,4,['terrifying'],70,3,3,1,1,0,claws,2,,,,,,,
1297,fad4fd48,Poxlix,Skaven,Skabbik's Plaguepack,chaos,6,3,12,[],90,4,4,1,1,0,dagger,3,,,,,,,
1298,cb061958,Rikkit,Skaven,Skabbik's Plaguepack,chaos,6,3,12,[],90,3,5,1,2,0,club,3,,,,,,,
1299,c9eba256,Itchitt,Skaven,Skabbik's Plaguepack,chaos,6,3,12,['terrifying'],110,3,3,1,1,0,reach,3,2.0,6.0,3.0,8.0,3.0,blast,2.0
1300,8d15f83e,Rabidius Skench,Skaven,Skabbik's Plaguepack,chaos,6,3,14,"['berserker', 'terrifying']",115,3,4,2,2,0,reach,4,,,,,,,
1301,c78e134b,Skabbik Plagueseeker,Skaven,Skabbik's Plaguepack,chaos,6,4,20,"['hero', 'terrifying']",160,4,4,2,2,0,club,3,,,,,,,
1302,cec12f58,Krowch't,Skaven,Skittershank's Clawpack,chaos,6,3,8,[],75,4,3,1,1,0,dagger,3,,,,,,,
1303,534541c1,Skulck,Skaven,Skittershank's Clawpack,chaos,6,3,8,[],75,3,3,1,1,0,dagger,3,2.0,2.0,1.0,8.0,0.0,ranged,3.0
1304,32d3ac51,Kreep Kinwhisper,Skaven,Skittershank's Clawpack,chaos,6,3,10,['champion'],75,4,4,1,1,0,dagger,3,3.0,3.0,1.0,8.0,0.0,ranged,3.0
1305,19f4ae18,Snyp Padpaw,Skaven,Skittershank's Clawpack,chaos,6,3,12,[],95,4,4,2,1,0,sword,3,,,,,,,
1306,8ce3d257,Slynk Skittershank,Skaven,Skittershank's Clawpack,chaos,7,3,18,"['hero', 'champion']",170,5,4,2,1,0,sword,4,,,,,,,
1307,c7d98639,Festering Skaven,Skaven,Spiteclaw's Swarm,chaos,6,3,10,"['agile', 'minion']",85,4,4,1,1,0,dagger,3,,,,,,,
1308,fde807b5,Hungering Skaven,Skaven,Spiteclaw's Swarm,chaos,6,4,10,"['agile', 'minion']",85,3,3,1,1,0,club,3,,,,,,,
1309,312783fe,Krrk the Almost-trusted,Skaven,Spiteclaw's Swarm,chaos,6,3,12,['agile'],85,3,4,2,2,0,spear,3,,,,,,,
1310,74615372,Lurking Skaven,Skaven,Spiteclaw's Swarm,chaos,6,3,10,"['agile', 'minion']",85,5,3,1,1,0,claws,3,,,,,,,
1311,86dcd952,Skritch Spiteclaw,Skaven,Spiteclaw's Swarm,chaos,6,3,18,"['hero', 'agile']",120,3,5,2,2,0,spear,3,,,,,,,
1312,e98eb612,Clawlord on Gnaw-Beast,Skaven,,chaos,8,4,22,"['hero', 'mount', 'agile']",230,4,5,2,2,0,unarmed,4,6.0,2.0,1.0,8.0,0.0,ranged,3.0
1313,4ecf8dc1,Warlock Engineer With Warplock Jezzail,Skaven,,chaos,6,3,18,"['hero', 'destroyer', 'agile']",205,2,3,2,1,0,unarmed,2,2.0,5.0,2.0,24.0,6.0,ranged,4.0
1314,5cf6d806,Rat Ogor,Skaven,,chaos,5,5,28,"['beast', 'brute']",250,4,6,3,1,0,unarmed,6,,,,,,,
1315,1d57af33,Rat Ogor With Warpfire Gun,Skaven,,chaos,5,5,28,"['beast', 'brute']",240,2,6,3,1,0,unarmed,5,2.0,6.0,3.0,12.0,0.0,ranged,5.0
1316,39czaahy,Zikkit Rockgnaw,Skaven,Zikkit's Tunnelpack,chaos,6,4,18,['hero'],205,4,4,2,2,0,spear,4,,,,,,,
1317,i30zqblp,Rittak Verm,Skaven,Zikkit's Tunnelpack,chaos,8,4,22,['champion'],225,3,4,3,1,0,blast,6,,,,,,,
1318,nm0o1i7n,Krittatok,Skaven,Zikkit's Tunnelpack,chaos,6,3,8,[],80,4,3,1,1,0,claws,3,,,,,,,
1319,qgy19ws7,Nitch Singe-Snout,Skaven,Zikkit's Tunnelpack,chaos,6,3,8,[],100,2,3,1,1,0,unarmed,3,2.0,3.0,2.0,8.0,3.0,blast,4.0
1320,4mtdylki,Tik Tik,Skaven,Zikkit's Tunnelpack,chaos,6,2,4,['beast'],75,1,1,1,1,0,unarmed,1,,,,,,,
1321,dd82d618,Brimstone Horrors,Disciples of Tzeentch: Daemons,,chaos,4,3,6,['minion'],65,3,2,1,1,0,claws,3,2.0,2.0,1.0,10.0,3.0,blast,3.0
1322,eb289d08,Blue Horror,Disciples of Tzeentch: Daemons,,chaos,4,3,8,['warrior'],90,3,3,1,1,0,claws,3,2.0,3.0,1.0,10.0,3.0,blast,3.0
1323,dbd31de4,Pink Horror,Disciples of Tzeentch: Daemons,,chaos,4,3,12,['elite'],135,3,4,1,1,0,claws,3,2.0,4.0,1.0,10.0,3.0,blast,3.0
1324,d7466c2d,Changecaster with Ritual Dagger,Disciples of Tzeentch: Daemons,,chaos,4,3,20,"['hero', 'destroyer']",160,3,4,2,1,0,dagger,4,2.0,6.0,3.0,15.0,3.0,blast,3.0
1325,dabe2c46,Changecaster with Staff of Change,Disciples of Tzeentch: Daemons,,chaos,4,3,20,"['hero', 'destroyer']",160,2,5,2,2,0,club,4,2.0,6.0,3.0,15.0,3.0,blast,3.0
1326,d6f5111f,Flamer of Tzeentch,Disciples of Tzeentch: Daemons,,chaos,8,3,15,"['fly', 'berserker']",165,2,4,2,1,0,fangs,3,3.0,4.0,2.0,15.0,3.0,blast,3.0
1327,e885ee58,Iridescent Horror,Disciples of Tzeentch: Daemons,,chaos,4,3,16,"['hero', 'elite']",170,4,4,2,1,0,claws,3,2.0,4.0,1.0,10.0,3.0,blast,3.0
1328,b111e7d4,Pyrocaster,Disciples of Tzeentch: Daemons,,chaos,8,3,20,"['fly', 'hero', 'berserker']",205,2,4,2,1,0,fangs,3,4.0,4.0,2.0,15.0,3.0,blast,3.0
1329,215e2324,Screamer of Tzeentch,Disciples of Tzeentch: Daemons,,chaos,12,3,18,"['agile', 'fly', 'beast']",210,4,4,2,1,0,fangs,4,,,,,,,
1330,e7af09fd,Exalted Flamer of Tzeentch,Disciples of Tzeentch: Daemons,,chaos,8,3,25,"['fly', 'berserker']",220,2,4,2,1,0,fangs,3,4.0,5.0,2.0,15.0,3.0,blast,3.0
1331,af73b2d6,Fluxmaster with Ritual Dagger,Disciples of Tzeentch: Daemons,,chaos,12,3,25,"['fly', 'hero', 'mystic']",240,4,4,2,1,0,fangs,4,2.0,6.0,3.0,15.0,3.0,blast,3.0
1332,1f6c0b79,Fluxmaster with Staff of Change,Disciples of Tzeentch: Daemons,,chaos,12,3,25,"['fly', 'hero', 'mystic']",240,3,5,2,2,0,club,4,2.0,6.0,3.0,15.0,3.0,blast,3.0
1333,0cb83e11,Kindlefinger,Disciples of Tzeentch: Daemons,Ephilim's Pandaemonium,chaos,4,1,6,['beast'],55,2,2,1,1,0,claws,1,5.0,1.0,1.0,6.0,3.0,blast,1.0
1334,61958b24,"Apo'trax, the Starefysh",Disciples of Tzeentch: Daemons,Ephilim's Pandaemonium,chaos,4,3,10,"['beast', 'fly']",70,1,6,3,1,0,claws,4,,,,,,,
1335,d8da0969,Flamespooler,Disciples of Tzeentch: Daemons,Ephilim's Pandaemonium,chaos,4,3,12,[],95,3,3,1,1,0,claws,2,3.0,2.0,1.0,12.0,3.0,blast,2.0
1336,76510ed7,Spawnmaw,Disciples of Tzeentch: Daemons,Ephilim's Pandaemonium,chaos,5,3,12,"['beast', 'berserker']",105,3,4,2,2,0,fangs,4,,,,,,,
1337,dfc42316,Ephilim The Unknowable,Disciples of Tzeentch: Daemons,Ephilim's Pandaemonium,chaos,4,3,18,"['hero', 'mystic']",145,3,3,1,2,0,club,3,2.0,6.0,3.0,7.0,3.0,blast,4.0
1338,2da6c86a,Plains-runner,Untamed Beasts,,chaos,5,3,8,[],55,3,3,1,1,0,axe,3,,,,,,,
1339,9499f51a,Preytaker with Fanged Axe,Untamed Beasts,,chaos,4,4,10,[],100,3,5,2,1,0,axe,5,,,,,,,
1340,783528f3,Preytaker with Sawtooth Blade,Untamed Beasts,,chaos,4,4,10,[],100,4,4,2,1,0,sword,4,,,,,,,
1341,f68fb029,Beastspeaker,Untamed Beasts,,chaos,5,4,15,['agile'],110,3,4,1,1,0,dagger,4,4.0,3.0,1.0,3.0,0.0,reach,4.0
1342,c358c035,First Fang,Untamed Beasts,,chaos,4,4,15,['brute'],130,3,4,2,1,0,axe,5,2.0,5.0,2.0,8.0,0.0,spear,5.0
1343,253f889c,Rocktusk Prowler,Untamed Beasts,,chaos,8,4,20,['beast'],195,4,5,2,1,0,fangs,4,,,,,,,
1344,583af3f6,Heart-Eater,Untamed Beasts,,chaos,5,4,20,['hero'],200,5,5,2,1,0,axe,5,,,,,,,
